   ,City,Country,Date,Lat,Lng,Max Temp,Humidity,Cloudiness,Wind Speed,Current Description
0,Kapaa,US,2020-10-25 07:30:44,22.08,-159.32,77.0,83,1,8.05,clear sky
1,Tuktoyaktuk,CA,2020-10-25 07:30:48,69.45,-133.04,18.12,92,1,16.08,clear sky
2,Jalu,LY,2020-10-25 07:30:49,29.03,21.55,70.95,50,0,1.86,clear sky
3,San Patricio,US,2020-10-25 07:30:50,28.02,-97.52,70.0,82,75,4.7,broken clouds
4,Qaanaaq,GL,2020-10-25 07:30:53,77.48,-69.36,18.5,90,92,11.95,overcast clouds
5,Saint-Philippe,RE,2020-10-25 07:30:53,-21.36,55.77,80.6,61,20,26.4,few clouds
6,Busselton,AU,2020-10-25 07:30:54,-33.65,115.33,84.0,30,40,4.0,scattered clouds
7,Hithadhoo,MV,2020-10-25 07:30:55,-0.6,73.08,83.97,72,2,9.51,clear sky
8,Mataura,NZ,2020-10-25 07:30:56,-46.19,168.86,48.0,95,100,5.01,light rain
9,Arraial Do Cabo,BR,2020-10-25 07:30:57,-22.97,-42.03,70.9,91,100,31.7,light rain
10,Hobart,AU,2020-10-25 07:30:58,-42.88,147.33,53.6,50,20,16.11,few clouds
11,Yellowknife,CA,2020-10-25 07:30:07,62.46,-114.35,21.99,79,75,6.93,broken clouds
12,Punta Arenas,CL,2020-10-25 07:31:00,-53.15,-70.92,41.0,93,90,6.93,overcast clouds
13,Portland,US,2020-10-25 07:27:40,45.52,-122.68,43.0,48,1,14.99,clear sky
14,Rikitea,PF,2020-10-25 07:31:05,-23.12,-134.97,73.51,84,100,13.13,moderate rain
15,Bengkulu,ID,2020-10-25 07:31:06,-3.8,102.27,80.28,79,100,2.3,light rain
16,Port Alfred,ZA,2020-10-25 07:31:07,-33.59,26.89,69.64,75,100,18.1,overcast clouds
17,East London,ZA,2020-10-25 07:31:09,-33.02,27.91,69.8,83,75,14.99,broken clouds
18,Jamestown,US,2020-10-25 07:31:10,42.1,-79.24,36.0,90,1,2.8,clear sky
19,Salalah,OM,2020-10-25 07:31:10,17.02,54.09,87.8,31,0,5.82,clear sky
20,Paamiut,GL,2020-10-25 07:31:11,61.99,-49.67,32.36,89,100,15.9,overcast clouds
21,Ippy,CF,2020-10-25 07:31:12,6.27,21.22,80.65,76,100,2.39,overcast clouds
22,Aksarka,RU,2020-10-25 07:31:12,66.56,67.8,13.32,96,0,7.23,clear sky
23,Flinders,AU,2020-10-25 07:31:14,-34.58,150.86,55.99,87,100,4.0,light rain
24,Sam Roi Yot,TH,2020-10-25 07:31:14,12.27,99.87,86.0,62,20,8.05,few clouds
25,Coquimbo,CL,2020-10-25 07:29:09,-29.95,-71.34,53.6,87,0,4.7,clear sky
26,Avarua,CK,2020-10-25 07:30:51,-21.21,-159.78,73.4,78,53,12.75,broken clouds
27,Puntarenas,CR,2020-10-25 07:31:18,9.98,-84.84,68.0,100,75,5.82,broken clouds
28,Cape Town,ZA,2020-10-25 07:27:22,-33.93,18.42,64.4,72,75,4.7,broken clouds
29,Sorland,NO,2020-10-25 07:31:20,67.67,12.69,43.66,61,100,29.55,overcast clouds
30,Esperance,AU,2020-10-25 07:31:21,-33.87,121.9,75.2,36,0,6.93,clear sky
31,Timmins,CA,2020-10-25 07:30:03,48.47,-81.33,26.6,100,90,4.7,overcast clouds
32,Atuona,PF,2020-10-25 07:28:28,-9.8,-139.03,78.73,75,0,20.87,clear sky
33,Lamesa,US,2020-10-25 07:31:24,32.74,-101.95,53.6,62,90,5.82,overcast clouds
34,Albany,US,2020-10-25 07:30:28,42.6,-73.97,39.99,70,99,1.01,overcast clouds
35,Cherskiy,RU,2020-10-25 07:31:26,68.75,161.3,11.52,96,73,3.27,broken clouds
36,Port Elizabeth,ZA,2020-10-25 07:31:27,-33.92,25.57,68.0,82,90,17.22,overcast clouds
37,Airai,TL,2020-10-25 07:31:28,-8.93,125.41,72.25,78,92,2.66,light rain
38,Nemuro,JP,2020-10-25 07:31:29,43.32,145.57,48.2,70,20,3.36,few clouds
39,Kolyshley,RU,2020-10-25 07:31:30,52.7,44.54,46.99,96,100,7.83,light rain
40,Galesong,ID,2020-10-25 07:31:31,-5.32,119.37,84.2,79,20,6.93,few clouds
41,Nerchinskiy Zavod,RU,2020-10-25 07:31:34,51.31,119.61,38.61,69,77,1.79,broken clouds
42,Hasaki,JP,2020-10-25 07:31:35,35.73,140.83,72.0,37,20,6.93,few clouds
43,Provideniya,RU,2020-10-25 07:31:37,64.38,-173.3,32.59,91,7,7.87,clear sky
44,Sayat,TM,2020-10-25 07:31:37,38.78,63.88,64.4,27,0,6.93,clear sky
45,Puerto Ayora,EC,2020-10-25 07:31:38,-0.74,-90.35,66.99,95,99,5.99,overcast clouds
46,Mar Del Plata,AR,2020-10-25 07:31:39,-38.0,-57.56,59.0,100,90,6.93,mist
47,Hilo,US,2020-10-25 07:31:40,19.73,-155.09,78.8,83,90,8.99,heavy intensity rain
48,Dikson,RU,2020-10-25 07:31:41,73.51,80.55,17.51,95,93,9.13,overcast clouds
49,Tongliao,CN,2020-10-25 07:31:42,43.61,122.27,53.6,41,83,5.32,broken clouds
50,Laguna,US,2020-10-25 07:31:44,38.42,-121.42,57.2,82,1,8.05,clear sky
51,Hami,CN,2020-10-25 07:31:44,42.8,93.45,57.18,32,0,5.32,clear sky
52,Longyearbyen,SJ,2020-10-25 07:31:47,78.22,15.64,23.0,79,75,4.7,broken clouds
53,Seabra,BR,2020-10-25 07:31:48,-12.42,-41.77,67.19,90,100,4.63,overcast clouds
54,Manuk Mangkaw,PH,2020-10-25 07:31:49,4.8,119.85,83.19,75,93,6.4,moderate rain
55,Los Llanos De Aridane,ES,2020-10-25 07:31:50,28.66,-17.92,69.8,64,40,10.29,scattered clouds
56,Matara,LK,2020-10-25 07:31:51,5.95,80.54,87.62,60,98,13.04,overcast clouds
57,Kambove,CD,2020-10-25 07:31:52,-10.88,26.6,80.96,29,87,7.81,overcast clouds
58,Ostrovnoy,RU,2020-10-25 07:31:54,68.05,39.51,33.15,89,90,16.93,overcast clouds
59,Upernavik,GL,2020-10-25 07:31:55,72.79,-56.15,17.49,84,0,8.21,clear sky
60,Aklavik,CA,2020-10-25 07:31:56,68.22,-135.01,15.8,72,40,4.05,scattered clouds
61,Victoria,HK,2020-10-25 07:31:58,22.29,114.16,78.01,63,99,1.01,overcast clouds
62,Kulhudhuffushi,MV,2020-10-25 07:31:59,6.62,73.07,82.8,75,92,11.5,light rain
63,Ushuaia,AR,2020-10-25 07:28:22,-54.8,-68.3,42.8,83,40,6.93,scattered clouds
64,Springbok,ZA,2020-10-25 07:32:00,-29.66,17.89,68.0,24,0,12.75,clear sky
65,Duvan,RU,2020-10-25 07:32:00,55.7,57.9,42.57,87,99,7.76,overcast clouds
66,Lompoc,US,2020-10-25 07:32:05,34.64,-120.46,62.6,72,90,4.76,overcast clouds
67,Praia Da Vitoria,PT,2020-10-25 07:32:06,38.73,-27.07,64.4,72,40,13.11,scattered clouds
68,Zharkent,KZ,2020-10-25 07:32:07,44.16,80.0,55.81,36,16,3.31,few clouds
69,Barrow,US,2020-10-25 07:32:08,71.29,-156.79,28.4,68,90,9.17,overcast clouds
70,Ambulu,ID,2020-10-25 07:32:10,-8.35,113.61,83.68,76,100,6.89,overcast clouds
71,Bam,IR,2020-10-25 07:32:10,29.11,58.36,74.43,18,0,13.42,clear sky
72,Hamilton,US,2020-10-25 07:27:58,39.18,-84.53,46.4,70,90,8.05,overcast clouds
73,Mahebourg,MU,2020-10-25 07:32:11,-20.41,57.7,78.8,57,75,18.34,shower rain
74,Butaritari,KI,2020-10-25 07:32:12,3.07,172.79,81.28,70,95,7.54,overcast clouds
75,Srednekolymsk,RU,2020-10-25 07:32:13,67.45,153.68,15.44,96,93,2.8,overcast clouds
76,Byron Bay,AU,2020-10-25 07:32:05,-28.65,153.62,77.0,88,99,13.87,moderate rain
77,Bluff,NZ,2020-10-25 07:32:15,-46.6,168.33,48.0,95,100,5.01,light rain
78,San Andres,CO,2020-10-25 07:28:21,12.58,-81.7,80.6,88,90,4.7,overcast clouds
79,Touros,BR,2020-10-25 07:32:16,-5.2,-35.46,73.4,94,40,4.7,scattered clouds
80,Tuatapere,NZ,2020-10-25 07:32:18,-46.13,167.68,48.0,95,100,5.01,moderate rain
81,Dong Hoi,VN,2020-10-25 07:32:19,17.48,106.6,68.9,84,100,12.8,heavy intensity rain
82,Hobyo,SO,2020-10-25 07:32:03,5.35,48.53,85.69,58,17,4.76,few clouds
83,Bethel,US,2020-10-25 07:32:21,41.37,-73.41,42.01,78,100,1.99,overcast clouds
84,Blackfoot,US,2020-10-25 07:32:22,43.19,-112.34,21.0,63,99,15.01,overcast clouds
85,New Norfolk,AU,2020-10-25 07:32:23,-42.78,147.06,53.01,49,0,1.01,clear sky
86,Carnarvon,AU,2020-10-25 07:32:24,-24.87,113.63,75.2,78,40,21.92,scattered clouds
87,Ascension,US,2020-10-25 07:32:24,30.22,-90.9,59.0,87,90,3.36,overcast clouds
88,Naze,JP,2020-10-25 07:32:26,28.37,129.48,73.4,56,20,9.17,few clouds
89,Ponta Do Sol,PT,2020-10-25 07:32:27,32.67,-17.1,64.4,63,20,8.05,few clouds
90,Tomatlan,MX,2020-10-25 07:32:28,19.93,-105.25,76.89,96,50,1.21,scattered clouds
91,Lasa,IT,2020-10-25 07:32:29,46.62,10.7,33.8,49,5,3.13,clear sky
92,Natal,BR,2020-10-25 07:30:47,-5.79,-35.21,73.4,94,40,4.7,scattered clouds
93,Koshurnikovo,RU,2020-10-25 07:32:31,54.17,93.3,28.27,82,90,6.11,overcast clouds
94,Tucuma,BR,2020-10-25 07:32:32,-0.18,-50.05,76.82,88,11,4.47,few clouds
95,Torbay,CA,2020-10-25 07:32:32,47.67,-52.73,52.0,100,90,8.05,heavy intensity rain
96,Saint-Georges,GD,2020-10-25 07:32:32,12.06,-61.75,78.8,83,75,17.22,light intensity shower rain
97,Kruisfontein,ZA,2020-10-25 07:32:33,-34.0,24.73,66.99,83,100,8.01,overcast clouds
98,Vestmannaeyjar,IS,2020-10-25 07:32:33,63.44,-20.27,44.62,71,80,13.0,broken clouds
99,Taoudenni,ML,2020-10-25 07:32:34,22.68,-3.98,85.21,18,9,19.6,clear sky
100,Ola,RU,2020-10-25 07:32:34,59.58,151.28,36.73,81,95,13.76,overcast clouds
101,Zeya,RU,2020-10-25 07:32:35,53.75,127.27,34.39,87,0,3.33,clear sky
102,Semporna,MY,2020-10-25 07:32:36,4.48,118.61,86.0,74,20,6.93,few clouds
103,Vaini,TO,2020-10-25 07:32:37,-21.2,-175.2,73.4,88,75,11.41,broken clouds
104,Henderson,US,2020-10-25 07:32:41,36.04,-114.98,71.6,33,1,10.29,clear sky
105,Eslamshahr,IR,2020-10-25 07:32:42,35.56,51.23,71.6,26,0,6.93,clear sky
106,Severo-Kurilsk,RU,2020-10-25 07:32:43,50.68,156.12,44.89,80,5,5.39,clear sky
107,Narsaq,GL,2020-10-25 07:32:44,60.92,-46.05,28.4,68,100,3.36,overcast clouds
108,Fortuna,US,2020-10-25 07:28:05,40.6,-124.16,46.99,100,20,2.04,few clouds
109,Labuhan,ID,2020-10-25 07:32:47,-6.88,112.21,86.67,64,99,9.78,moderate rain
110,Hermanus,ZA,2020-10-25 07:32:47,-34.42,19.23,66.99,74,99,1.99,overcast clouds
111,Kiunga,PG,2020-10-25 07:32:48,-6.12,141.29,84.06,72,100,0.56,light rain
112,Salamiyah,SY,2020-10-25 07:32:49,35.01,37.05,86.74,13,70,10.31,broken clouds
113,Castro,BR,2020-10-25 07:32:47,-24.79,-50.01,58.15,94,1,2.08,clear sky
114,Yumen,CN,2020-10-25 07:32:53,40.28,97.2,52.81,38,0,11.9,clear sky
115,Georgetown,MY,2020-10-25 07:30:12,5.41,100.34,86.0,88,40,12.75,scattered clouds
116,The Valley,AI,2020-10-25 07:32:54,18.22,-63.06,82.99,78,20,10.29,few clouds
117,Udachnyy,RU,2020-10-25 07:32:55,66.42,112.4,8.6,65,0,6.71,clear sky
118,Kodiak,US,2020-10-25 07:32:56,57.79,-152.41,42.8,93,75,4.7,broken clouds
119,Grand Gaube,MU,2020-10-25 07:32:57,-20.01,57.66,77.0,73,60,11.01,broken clouds
120,Salme,NP,2020-10-25 07:32:58,28.04,85.09,78.8,41,20,5.82,few clouds
121,Pevek,RU,2020-10-25 07:32:59,69.7,170.31,27.52,92,10,13.31,clear sky
122,Eureka,US,2020-10-25 07:32:59,40.8,-124.16,45.0,92,0,2.01,clear sky
123,Codrington,AU,2020-10-25 07:33:00,-38.27,141.97,49.77,69,8,17.43,clear sky
124,Mount Gambier,AU,2020-10-25 07:33:01,-37.83,140.77,50.0,81,90,17.22,overcast clouds
125,Montefiascone,IT,2020-10-25 07:33:02,42.54,12.04,57.99,87,40,3.36,scattered clouds
126,Plettenberg Bay,ZA,2020-10-25 07:33:03,-34.05,23.37,63.59,82,92,10.49,overcast clouds
127,Dingle,PH,2020-10-25 07:33:04,11.0,122.67,76.64,92,100,4.83,moderate rain
128,Ilhabela,BR,2020-10-25 07:33:05,-23.78,-45.36,71.47,87,100,4.18,overcast clouds
129,Bredasdorp,ZA,2020-10-25 07:33:06,-34.53,20.04,68.0,64,100,10.29,overcast clouds
130,Katsuura,JP,2020-10-25 07:33:07,35.13,140.3,72.0,37,20,10.29,few clouds
131,Nantucket,US,2020-10-25 07:30:51,41.28,-70.1,53.01,77,90,19.46,overcast clouds
132,Kaitangata,NZ,2020-10-25 07:33:09,-46.28,169.85,51.01,91,100,11.01,overcast clouds
133,Leningradskiy,RU,2020-10-25 07:33:10,69.38,178.42,23.36,88,0,9.35,clear sky
134,Kakching,IN,2020-10-25 07:33:12,24.48,93.98,77.0,73,75,1.12,mist
135,Kurumkan,RU,2020-10-25 07:33:13,54.3,110.3,37.92,72,100,1.92,overcast clouds
136,Baykit,RU,2020-10-25 07:33:14,61.67,96.37,28.83,93,99,4.63,overcast clouds
137,Oropesa,PE,2020-10-25 07:33:15,-13.59,-71.77,52.47,64,85,2.73,overcast clouds
138,Kajaani,FI,2020-10-25 07:33:16,64.23,27.73,32.0,83,75,4.7,broken clouds
139,Palmeira,BR,2020-10-25 07:33:17,-25.43,-50.01,58.05,97,3,2.04,clear sky
140,Lavrentiya,RU,2020-10-25 07:33:18,65.58,-171.0,33.57,91,44,8.97,scattered clouds
141,Bonavista,CA,2020-10-25 07:33:19,48.65,-53.11,48.99,79,100,5.99,light rain
142,Bambous Virieux,MU,2020-10-25 07:33:20,-20.34,57.76,78.8,57,75,18.34,shower rain
143,Shelburne,CA,2020-10-25 07:32:42,44.08,-80.2,35.01,95,1,3.36,clear sky
144,Dehloran,IR,2020-10-25 07:33:22,32.69,47.27,90.18,10,0,6.42,clear sky
145,Quatre Cocos,MU,2020-10-25 07:33:24,-20.21,57.76,78.8,57,75,18.34,shower rain
146,Tarko-Sale,RU,2020-10-25 07:33:24,64.92,77.78,17.31,96,80,10.4,broken clouds
147,Broken Hill,AU,2020-10-25 07:33:25,-31.95,141.43,59.0,38,75,17.22,broken clouds
148,Dossor,KZ,2020-10-25 07:33:26,47.53,52.98,63.48,61,100,17.76,overcast clouds
149,Iralaya,HN,2020-10-25 07:33:28,15.0,-83.23,77.14,88,100,5.03,overcast clouds
150,Bathsheba,BB,2020-10-25 07:33:29,13.22,-59.52,82.4,74,40,20.8,scattered clouds
151,Mackay,AU,2020-10-25 07:33:30,-21.15,149.2,79.0,78,40,14.99,scattered clouds
152,Dzhebariki-Khaya,RU,2020-10-25 07:33:32,62.22,135.8,11.82,93,0,1.43,clear sky
153,Sinnamary,GF,2020-10-25 07:33:33,5.38,-52.95,79.47,81,0,9.28,clear sky
154,Maracaibo,VE,2020-10-25 07:33:34,10.63,-71.64,78.4,87,100,6.76,overcast clouds
155,Aloleng,PH,2020-10-25 07:33:34,16.13,119.78,83.61,79,100,5.97,light rain
156,Sinegorye,RU,2020-10-25 07:33:35,62.08,150.48,27.72,96,100,5.08,overcast clouds
157,Fredericksburg,US,2020-10-25 07:30:37,38.3,-77.46,55.99,76,90,8.05,overcast clouds
158,Klaksvik,FO,2020-10-25 07:33:38,62.23,-6.59,46.4,87,100,16.11,light rain
159,Kavieng,PG,2020-10-25 07:33:39,-2.57,150.8,83.68,73,39,8.61,scattered clouds
160,Zhangye,CN,2020-10-25 07:33:40,38.93,100.45,54.23,36,3,11.77,clear sky
161,Camacha,PT,2020-10-25 07:33:41,33.08,-16.33,62.6,72,20,6.93,few clouds
162,Redlands,US,2020-10-25 07:33:42,34.06,-117.18,64.4,63,90,5.82,overcast clouds
163,Saskylakh,RU,2020-10-25 07:33:43,71.92,114.08,10.87,94,100,16.98,overcast clouds
164,Deputatskiy,RU,2020-10-25 07:33:44,69.3,139.9,9.52,88,53,6.73,broken clouds
165,Shimoda,JP,2020-10-25 07:33:46,34.67,138.95,66.2,52,20,1.12,few clouds
166,Viedma,AR,2020-10-25 07:30:25,-40.81,-63.0,64.0,85,100,4.0,light rain
167,Cidreira,BR,2020-10-25 07:33:48,-30.18,-50.21,68.85,90,90,18.95,overcast clouds
168,Poum,NC,2020-10-25 07:33:50,-20.23,164.02,77.67,77,92,14.56,overcast clouds
169,Hofn,IS,2020-10-25 07:33:52,64.25,-15.21,42.69,82,100,15.86,overcast clouds
170,Comodoro Rivadavia,AR,2020-10-25 07:33:54,-45.87,-67.5,55.4,50,0,13.87,clear sky
171,Tiksi,RU,2020-10-25 07:33:54,71.69,128.87,7.72,90,100,28.83,overcast clouds
172,Tiarei,PF,2020-10-25 07:33:56,-17.53,-149.33,78.8,74,40,3.36,scattered clouds
173,Gamboula,CF,2020-10-25 07:33:58,4.12,15.14,70.09,96,100,2.1,light rain
174,Makasar,ID,2020-10-25 07:33:59,-5.14,119.42,84.2,79,20,6.93,few clouds
175,Sembe,CG,2020-10-25 07:31:06,1.65,14.58,79.81,70,83,5.59,broken clouds
176,Adrar,MR,2020-10-25 07:34:00,20.5,-10.07,84.52,14,99,7.27,overcast clouds
177,Nizwa,OM,2020-10-25 07:34:02,22.93,57.53,89.15,11,0,2.26,clear sky
178,Tonantins,BR,2020-10-25 07:34:03,-2.87,-67.8,74.03,92,100,1.21,overcast clouds
179,Pisco,PE,2020-10-25 07:34:04,-13.7,-76.22,60.8,87,40,5.82,scattered clouds
180,Riyadh,SA,2020-10-25 07:33:44,24.69,46.72,80.6,26,0,4.7,clear sky
181,Sumbe,AO,2020-10-25 07:34:05,-11.21,13.84,77.95,80,80,6.91,broken clouds
182,Kundiawa,PG,2020-10-25 07:34:06,-6.02,144.97,66.94,79,100,1.9,moderate rain
183,Armidale,AU,2020-10-25 07:31:27,-30.52,151.65,55.99,83,3,5.01,light rain
184,Port Blair,IN,2020-10-25 07:33:08,11.67,92.75,84.06,72,89,7.7,overcast clouds
185,Masuguru,TZ,2020-10-25 07:34:08,-11.37,38.42,93.76,34,15,5.3,few clouds
186,Palembang,ID,2020-10-25 07:32:27,-2.92,104.75,87.8,66,40,3.44,scattered clouds
187,Bereda,ES,2020-10-25 07:34:10,43.27,-7.54,52.0,100,100,8.99,moderate rain
188,Bukoba,TZ,2020-10-25 07:34:10,-1.33,31.81,75.2,69,20,10.29,few clouds
189,Clyde River,CA,2020-10-25 07:34:11,70.47,-68.59,14.0,85,1,14.99,clear sky
190,Meulaboh,ID,2020-10-25 07:34:11,4.14,96.13,83.17,69,93,2.91,overcast clouds
191,Roma,US,2020-10-25 07:33:05,43.21,-75.46,37.0,80,20,3.74,few clouds
192,Formosa Do Rio Preto,BR,2020-10-25 07:31:06,-11.05,-45.19,70.63,88,87,2.89,light rain
193,Sitka,US,2020-10-25 07:33:06,57.05,-135.33,39.2,60,90,6.93,overcast clouds
194,Sinazongwe,ZM,2020-10-25 07:34:12,-17.26,27.46,84.09,33,69,10.33,broken clouds
195,Sioux Lookout,CA,2020-10-25 07:34:12,50.1,-91.92,23.0,73,90,4.7,overcast clouds
196,Hervey Bay,AU,2020-10-25 07:34:12,-25.3,152.85,75.99,84,36,5.01,scattered clouds
197,Chulman,RU,2020-10-25 07:34:13,56.85,124.91,24.85,96,96,1.9,overcast clouds
198,Hoi An,VN,2020-10-25 07:34:13,15.88,108.33,78.8,69,75,4.7,broken clouds
199,Tocopilla,CL,2020-10-25 07:34:13,-22.09,-70.2,60.84,68,100,7.2,overcast clouds
200,Fort Nelson,CA,2020-10-25 07:30:04,58.81,-122.7,19.4,67,75,4.7,broken clouds
201,Aswan,EG,2020-10-25 07:34:13,24.09,32.91,84.27,23,0,17.47,clear sky
202,Nesbyen,NO,2020-10-25 07:34:13,60.57,9.1,42.01,100,100,1.99,moderate rain
203,Acarau,BR,2020-10-25 07:34:14,-2.89,-40.12,80.08,75,84,13.78,broken clouds
204,Chuy,UY,2020-10-25 07:34:14,-33.7,-53.46,63.19,98,69,5.59,broken clouds
205,Bar Harbor,US,2020-10-25 07:34:14,44.39,-68.2,41.0,73,1,4.7,clear sky
206,Rondonopolis,BR,2020-10-25 07:34:14,-16.47,-54.64,72.97,90,69,2.84,moderate rain
207,Alcudia,ES,2020-10-25 07:34:14,39.85,3.12,66.0,67,0,3.36,clear sky
208,Methoni,GR,2020-10-25 07:34:14,36.82,21.7,69.01,77,20,4.7,few clouds
209,College,US,2020-10-25 07:34:15,64.86,-147.8,28.0,79,75,1.5,broken clouds
210,Cheyenne,US,2020-10-25 07:34:15,41.14,-104.82,10.4,85,90,20.8,mist
211,Xunchang,CN,2020-10-25 07:34:15,28.45,104.72,72.64,54,62,2.01,broken clouds
212,Sisimiut,GL,2020-10-25 07:32:44,66.94,-53.67,20.59,88,85,11.5,overcast clouds
213,Neustrelitz,DE,2020-10-25 07:34:15,53.37,13.08,54.0,81,83,14.05,broken clouds
214,Raichur,IN,2020-10-25 07:34:16,16.2,77.37,86.68,49,8,6.78,clear sky
215,Ninghai,CN,2020-10-25 07:34:16,29.29,121.42,71.6,49,0,8.95,clear sky
216,Hambantota,LK,2020-10-25 07:34:16,6.12,81.12,96.8,44,40,11.41,scattered clouds
217,Puerto Baquerizo Moreno,EC,2020-10-25 07:34:16,-0.9,-89.6,67.06,85,100,11.01,overcast clouds
218,Guerrero Negro,MX,2020-10-25 07:32:22,27.98,-114.06,66.38,82,52,15.37,broken clouds
219,Sangar,RU,2020-10-25 07:34:17,63.92,127.47,14.58,94,2,5.75,clear sky
220,Turukhansk,RU,2020-10-25 07:34:17,65.82,87.98,14.56,96,99,5.28,overcast clouds
221,Passira,BR,2020-10-25 07:34:17,-8.0,-35.58,68.92,90,43,2.1,scattered clouds
222,Casablanca,MA,2020-10-25 07:34:18,33.59,-7.62,57.2,87,0,6.93,clear sky
223,Yar-Sale,RU,2020-10-25 07:34:18,66.83,70.83,14.81,96,0,7.54,clear sky
224,Allacapan,PH,2020-10-25 07:34:18,18.23,121.56,79.7,93,100,4.94,heavy intensity rain
225,Pocone,BR,2020-10-25 07:34:18,-16.26,-56.62,74.55,90,38,5.44,scattered clouds
226,Lagoa,PT,2020-10-25 07:34:19,39.05,-27.98,63.81,68,95,13.85,overcast clouds
227,Tazovskiy,RU,2020-10-25 07:34:19,67.47,78.7,15.82,97,89,7.56,overcast clouds
228,Rongcheng,CN,2020-10-25 07:34:19,30.63,117.85,69.01,68,63,2.66,broken clouds
229,Bahia Blanca,AR,2020-10-25 07:30:09,-38.72,-62.27,62.6,93,90,12.75,moderate rain
230,Alofi,NU,2020-10-25 07:34:19,-19.06,-169.92,77.0,83,100,18.34,overcast clouds
231,Pecos,US,2020-10-25 07:34:19,31.42,-103.49,55.4,47,1,7.81,clear sky
232,Saint George,US,2020-10-25 07:34:20,37.1,-113.58,60.8,44,0,4.7,clear sky
233,Nago,JP,2020-10-25 07:34:20,26.59,127.98,77.0,60,75,8.05,broken clouds
234,Tigil,RU,2020-10-25 07:34:20,57.8,158.67,35.58,83,100,9.37,overcast clouds
235,Ishigaki,JP,2020-10-25 07:34:20,24.34,124.16,77.0,69,40,17.22,scattered clouds
236,Asau,RO,2020-10-25 07:34:20,46.43,26.4,54.0,97,100,3.83,overcast clouds
237,Chumikan,RU,2020-10-25 07:34:20,54.72,135.31,37.24,78,87,16.35,overcast clouds
238,Petropavlovsk-Kamchatskiy,RU,2020-10-25 07:34:21,53.05,158.65,41.0,93,90,13.42,light intensity shower rain
239,Surazh,RU,2020-10-25 07:31:06,53.02,32.39,48.2,88,80,9.24,broken clouds
240,Rio Gallegos,AR,2020-10-25 07:32:39,-51.62,-69.22,44.6,93,90,6.93,light intensity drizzle rain
241,Tuy Hoa,VN,2020-10-25 07:34:21,13.08,109.3,81.61,80,32,8.97,light rain
242,Biala Podlaska,PL,2020-10-25 07:34:21,52.03,23.12,42.8,100,0,4.47,fog
243,Sidi Ali,DZ,2020-10-25 07:34:21,36.1,0.42,62.6,67,0,6.53,clear sky
244,Linxia,CN,2020-10-25 07:34:22,35.6,103.21,56.25,41,97,1.5,overcast clouds
245,Lorengau,PG,2020-10-25 07:34:22,-2.02,147.27,83.73,68,37,5.48,scattered clouds
246,Nishihara,JP,2020-10-25 07:34:22,26.18,127.76,77.0,41,40,12.75,scattered clouds
247,Troy,US,2020-10-25 07:32:24,42.61,-83.15,37.4,74,1,3.36,clear sky
248,Kiyasovo,RU,2020-10-25 07:34:23,56.35,53.12,36.0,92,100,1.01,light rain
249,Necochea,AR,2020-10-25 07:34:23,-38.55,-58.74,59.0,93,99,8.99,overcast clouds
250,Aripuana,BR,2020-10-25 07:34:24,-9.17,-60.63,72.72,87,100,1.7,overcast clouds
251,Wick,GB,2020-10-25 07:34:24,58.43,-3.08,48.2,70,21,18.34,few clouds
252,Bandar-E Lengeh,IR,2020-10-25 07:34:24,26.56,54.88,87.8,25,0,9.17,clear sky
253,Simao,CN,2020-10-25 07:34:24,22.79,100.97,79.77,47,100,2.8,overcast clouds
254,Iqaluit,CA,2020-10-25 07:34:24,63.75,-68.51,19.4,62,75,2.24,broken clouds
255,Caravelas,BR,2020-10-25 07:34:25,-17.71,-39.25,72.64,92,100,6.2,overcast clouds
256,Chauny,FR,2020-10-25 07:34:25,49.62,3.22,53.01,93,90,13.87,overcast clouds
257,Urumqi,CN,2020-10-25 07:34:25,43.8,87.6,50.0,46,0,8.95,clear sky
258,Khatanga,RU,2020-10-25 07:34:25,71.97,102.5,8.01,95,100,12.37,light snow
259,Thaba Nchu,ZA,2020-10-25 07:34:25,-29.21,26.84,82.4,30,0,8.05,clear sky
260,Tevaitoa,PF,2020-10-25 07:34:26,-16.78,-151.5,79.88,71,91,1.48,light rain
261,Ilulissat,GL,2020-10-25 07:34:26,69.22,-51.1,12.2,66,0,2.24,clear sky
262,Tashtagol,RU,2020-10-25 07:34:26,52.77,87.89,33.24,72,78,3.42,broken clouds
263,Ahipara,NZ,2020-10-25 07:34:26,-35.17,173.17,59.47,89,1,6.44,clear sky
264,Islamkot,PK,2020-10-25 07:34:26,24.7,70.18,89.83,21,0,9.26,clear sky
265,Kloulklubed,PW,2020-10-25 07:34:27,7.04,134.26,86.0,70,75,5.82,broken clouds
266,Dolores,AR,2020-10-25 07:34:27,-36.31,-57.68,59.83,96,91,8.03,light rain
267,Goalpara,IN,2020-10-25 07:34:27,26.17,90.62,84.07,73,23,6.78,few clouds
268,Douglas,US,2020-10-25 07:34:27,41.3,-96.17,33.01,86,90,9.17,overcast clouds
269,Richards Bay,ZA,2020-10-25 07:34:27,-28.78,32.04,89.29,38,0,1.28,clear sky
270,Fivizzano,IT,2020-10-25 07:34:28,44.24,10.13,55.99,97,35,2.57,scattered clouds
271,Haines Junction,CA,2020-10-25 07:34:28,60.75,-137.51,25.97,83,100,3.13,overcast clouds
272,Baculin,PH,2020-10-25 07:34:28,7.45,126.58,82.27,81,99,10.11,overcast clouds
273,Cache Creek,CA,2020-10-25 07:34:29,50.81,-121.32,26.6,72,90,5.82,overcast clouds
274,Yulara,AU,2020-10-25 07:34:29,-25.24,130.99,78.8,16,0,10.29,clear sky
275,Rameswaram,IN,2020-10-25 07:34:29,9.28,79.3,83.08,73,99,7.7,overcast clouds
276,Sabang,ID,2020-10-25 07:34:29,5.89,95.32,80.47,79,100,17.05,moderate rain
277,Nikolskoye,RU,2020-10-25 07:34:29,59.7,30.79,41.0,93,90,2.24,mist
278,Ayacucho,PE,2020-10-25 07:34:29,-13.16,-74.22,57.45,62,18,1.14,few clouds
279,Mogadishu,SO,2020-10-25 07:34:30,2.04,45.34,84.2,70,75,6.93,broken clouds
280,Harper,LR,2020-10-25 07:34:30,4.38,-7.72,79.36,83,74,5.95,broken clouds
281,Beringovskiy,RU,2020-10-25 07:34:30,63.05,179.32,30.61,96,95,10.49,overcast clouds
282,Singkang,MY,2020-10-25 07:34:30,2.1,102.8,87.8,70,20,6.93,few clouds
283,Mayo,US,2020-10-25 07:34:30,38.89,-76.51,55.4,66,90,10.29,overcast clouds
284,Buenos Aires,AR,2020-10-25 07:29:37,-34.61,-58.38,68.0,100,0,6.93,clear sky
285,San Juan,AR,2020-10-25 07:30:39,-31.54,-68.54,64.94,80,0,10.02,clear sky
286,Port-Gentil,GA,2020-10-25 07:34:32,-0.72,8.78,78.8,83,40,9.17,scattered clouds
287,Cap Malheureux,MU,2020-10-25 07:34:33,-19.98,57.61,77.0,72,43,11.99,scattered clouds
288,Kandrian,PG,2020-10-25 07:34:34,-6.22,149.55,81.54,79,99,7.94,light rain
289,Okha,RU,2020-10-25 07:34:35,53.57,142.95,43.56,95,100,16.82,overcast clouds
290,Toledo,ES,2020-10-25 07:34:36,39.83,-4.0,55.99,58,100,17.0,overcast clouds
291,Port Augusta,AU,2020-10-25 07:34:39,-32.5,137.77,60.8,48,90,17.22,overcast clouds
292,Puerto Madero,MX,2020-10-25 07:34:41,14.72,-92.42,78.75,87,100,8.52,moderate rain
293,Fairview,US,2020-10-25 07:34:42,40.81,-74.0,48.2,65,1,4.7,clear sky
294,Aykhal,RU,2020-10-25 07:34:44,66.0,111.5,8.6,65,0,6.71,clear sky
295,Khambhat,IN,2020-10-25 07:34:44,22.3,72.62,91.4,41,0,4.7,clear sky
296,Madhugiri,IN,2020-10-25 07:34:45,13.66,77.21,82.44,56,8,8.66,clear sky
297,Araouane,ML,2020-10-25 07:34:46,18.9,-3.53,85.14,13,0,8.75,clear sky
298,Lebu,CL,2020-10-25 07:34:47,-37.62,-73.65,46.4,83,3,5.57,clear sky
299,Novyy Urengoy,RU,2020-10-25 07:34:48,66.08,76.63,13.55,96,2,6.89,clear sky
300,Broome,US,2020-10-25 07:34:48,42.25,-75.83,36.0,80,1,5.82,clear sky
301,Luanda,AO,2020-10-25 07:34:49,-8.84,13.23,78.8,78,75,5.82,broken clouds
302,Lafia,NG,2020-10-25 07:34:51,8.48,8.52,74.34,89,100,4.09,overcast clouds
303,Coos Bay,US,2020-10-25 07:34:52,43.37,-124.22,45.0,93,1,4.7,clear sky
304,Port Hardy,CA,2020-10-25 07:34:54,50.7,-127.42,28.4,100,20,4.7,few clouds
305,Vestmanna,FO,2020-10-25 07:34:54,62.16,-7.17,46.4,87,100,16.11,light rain
306,Petukhovo,RU,2020-10-25 07:34:55,55.07,67.9,45.27,81,85,14.12,overcast clouds
307,Krasnogvardeyskiy,RU,2020-10-25 07:34:56,57.38,62.32,43.83,73,51,10.38,broken clouds
308,Havre-Saint-Pierre,CA,2020-10-25 07:34:57,50.23,-63.6,33.8,74,75,10.29,broken clouds
309,Norman Wells,CA,2020-10-25 07:34:57,65.28,-126.83,3.2,91,40,2.24,scattered clouds
310,Takoradi,GH,2020-10-25 07:34:57,4.88,-1.76,80.08,82,86,9.4,overcast clouds
311,At-Bashi,KG,2020-10-25 07:34:58,41.17,75.81,43.2,54,100,0.45,overcast clouds
312,Arcachon,FR,2020-10-25 07:34:58,44.59,-1.05,60.8,87,100,19.46,light rain
313,Moron,AR,2020-10-25 07:34:58,-34.65,-58.62,68.0,97,80,1.01,broken clouds
314,Talnakh,RU,2020-10-25 07:34:59,69.49,88.4,8.6,84,40,11.18,light snow
315,Champoton,MX,2020-10-25 07:34:59,19.35,-90.72,76.39,87,100,5.44,overcast clouds
316,Dakar,SN,2020-10-25 07:34:59,14.69,-17.44,82.4,88,0,11.41,clear sky
317,Yuksekova,TR,2020-10-25 07:34:59,37.57,44.29,57.2,28,40,2.24,scattered clouds
318,Lazaro Cardenas,MX,2020-10-25 07:34:59,17.96,-102.2,79.38,88,13,3.33,light rain
319,Las Vegas,US,2020-10-25 07:34:59,36.17,-115.14,77.0,38,1,10.29,clear sky
320,Kudahuvadhoo,MV,2020-10-25 07:35:00,2.67,72.89,82.71,78,13,11.68,few clouds
321,Avera,US,2020-10-25 07:35:00,33.19,-82.53,69.01,95,90,5.64,overcast clouds
322,Sola,VU,2020-10-25 07:35:00,-13.88,167.55,84.2,74,75,2.24,broken clouds
323,Kamenka,RU,2020-10-25 07:35:01,51.32,42.77,55.99,86,88,19.1,overcast clouds
324,Porbandar,IN,2020-10-25 07:35:01,21.64,69.61,89.6,35,12,7.85,few clouds
325,Sao Filipe,CV,2020-10-25 07:35:01,14.9,-24.5,80.83,72,100,13.29,overcast clouds
326,Berlevag,NO,2020-10-25 07:35:01,70.86,29.09,37.96,77,92,13.76,overcast clouds
327,Kodinar,IN,2020-10-25 07:35:01,20.79,70.7,88.66,42,0,6.91,clear sky
328,Verkhnevilyuysk,RU,2020-10-25 07:35:02,63.45,120.32,23.56,97,23,3.02,few clouds
329,Chokurdakh,RU,2020-10-25 07:35:03,70.63,147.92,9.3,94,13,10.83,few clouds
330,Buchanan,LR,2020-10-25 07:35:03,5.88,-10.05,75.2,94,90,3.02,fog
331,Salta,AR,2020-10-25 07:35:04,-24.79,-65.41,69.8,73,0,2.24,clear sky
332,Monrovia,LR,2020-10-25 07:35:04,6.3,-10.8,75.2,94,90,2.44,fog
333,Madaripur,BD,2020-10-25 07:35:04,23.18,90.21,86.56,67,51,4.79,broken clouds
334,Pleshanovo,RU,2020-10-25 07:35:05,52.83,53.48,51.58,70,100,6.06,overcast clouds
335,San Cristobal,VE,2020-10-25 07:35:05,7.77,-72.22,65.19,84,99,1.07,overcast clouds
336,Abu Samrah,SY,2020-10-25 07:35:05,35.3,37.18,86.09,13,49,7.05,scattered clouds
337,Chechat,IN,2020-10-25 07:35:05,24.77,75.88,89.37,21,0,4.7,clear sky
338,Ewa Beach,US,2020-10-25 07:35:05,21.32,-158.01,75.2,88,20,1.57,few clouds
339,Najran,SA,2020-10-25 07:35:06,17.49,44.13,78.8,15,0,9.17,clear sky
340,Waipawa,NZ,2020-10-25 07:35:06,-41.41,175.52,62.6,82,0,19.46,clear sky
341,Marrakesh,MA,2020-10-25 07:32:21,31.63,-8.01,53.6,81,0,1.12,clear sky
342,Tautira,PF,2020-10-25 07:35:06,-17.73,-149.15,78.8,74,40,3.36,scattered clouds
343,Trinidad,BO,2020-10-25 07:33:24,-14.83,-64.9,80.49,60,85,4.29,overcast clouds
344,Tasiilaq,GL,2020-10-25 07:35:06,65.61,-37.64,33.8,74,92,5.82,overcast clouds
345,Havoysund,NO,2020-10-25 07:35:07,71.0,24.66,35.6,77,98,10.29,overcast clouds
346,Raudeberg,NO,2020-10-25 07:35:07,61.99,5.14,46.99,94,100,13.78,moderate rain
347,Altay,CN,2020-10-25 07:35:08,47.87,88.12,35.55,63,2,4.79,clear sky
348,Thompson,CA,2020-10-25 07:35:08,55.74,-97.86,23.0,79,90,8.05,light snow
349,San Jeronimo,PE,2020-10-25 07:35:08,-11.95,-75.28,49.03,72,28,2.35,scattered clouds
350,Kristiinankaupunki,FI,2020-10-25 07:35:08,62.27,21.38,39.51,79,100,9.44,overcast clouds
351,Bac Lieu,VN,2020-10-25 07:35:09,9.29,105.72,84.69,72,31,7.67,light rain
352,Natitingou,BJ,2020-10-25 07:35:09,10.3,1.38,71.6,68,100,4.7,overcast clouds
353,Pangnirtung,CA,2020-10-25 07:35:09,66.15,-65.71,15.6,84,40,5.82,scattered clouds
354,Batagay-Alyta,RU,2020-10-25 07:35:09,67.8,130.41,12.74,88,100,4.43,overcast clouds
355,Souillac,MU,2020-10-25 07:35:09,-20.52,57.52,78.8,57,75,18.34,shower rain
356,Yeppoon,AU,2020-10-25 07:35:10,-23.13,150.73,75.2,83,75,11.41,light rain
357,Bridlington,GB,2020-10-25 07:35:10,54.08,-0.19,46.4,87,0,10.29,clear sky
358,Cauquenes,CL,2020-10-25 07:35:10,-35.97,-72.32,42.78,89,0,3.89,clear sky
359,Komsomolskiy,UZ,2020-10-25 07:35:10,40.43,71.72,57.2,29,0,2.24,clear sky
360,Hirara,JP,2020-10-25 07:35:10,24.8,125.28,78.8,65,40,12.75,scattered clouds
361,Ust-Nera,RU,2020-10-25 07:35:11,64.57,143.2,10.8,89,68,1.59,broken clouds
362,Nitra,SK,2020-10-25 07:35:11,48.31,18.08,54.0,93,75,2.24,broken clouds
363,Saldanha,ZA,2020-10-25 07:35:11,-33.01,17.94,62.6,72,100,5.82,overcast clouds
364,Fairbanks,US,2020-10-25 07:35:11,64.84,-147.72,28.0,73,20,1.68,few clouds
365,Samarai,PG,2020-10-25 07:35:11,-10.62,150.67,81.55,81,97,6.04,light rain
366,Ribeira Grande,PT,2020-10-25 07:35:12,38.52,-28.7,64.4,77,40,9.17,scattered clouds
367,Ossora,RU,2020-10-25 07:35:12,59.24,163.07,38.95,83,100,10.07,overcast clouds
368,Mira,IT,2020-10-25 07:32:55,45.44,12.13,55.99,93,0,3.36,clear sky
369,Ahtopol,BG,2020-10-25 07:35:12,42.1,27.95,64.4,88,90,2.24,overcast clouds
370,La Roda,ES,2020-10-25 07:35:12,39.22,-2.15,48.2,93,20,8.05,few clouds
371,Harstad,NO,2020-10-25 07:35:13,68.8,16.53,30.99,92,51,16.11,broken clouds
372,Syracuse,IT,2020-10-25 07:35:13,37.09,15.28,66.0,68,0,9.17,clear sky
373,Tezu,IN,2020-10-25 07:35:13,27.92,96.17,86.92,51,2,2.68,clear sky
374,Atyrau,KZ,2020-10-25 07:35:13,47.12,51.88,60.8,77,40,13.42,scattered clouds
375,Rawson,AR,2020-10-25 07:35:14,-43.3,-65.1,58.6,40,100,23.42,overcast clouds
376,Buraydah,SA,2020-10-25 07:35:14,26.33,43.98,75.2,25,0,5.82,clear sky
377,Urengoy,RU,2020-10-25 07:35:14,65.97,78.37,15.6,97,64,6.11,broken clouds
378,Hokota,JP,2020-10-25 07:35:14,36.15,140.52,68.0,45,20,4.7,few clouds
379,Kihei,US,2020-10-25 07:35:15,20.79,-156.47,82.4,65,40,4.7,scattered clouds
380,North Bend,US,2020-10-25 07:35:15,43.41,-124.22,45.0,93,1,4.7,clear sky
381,Arman,RU,2020-10-25 07:35:15,59.7,150.17,38.62,78,100,6.35,overcast clouds
382,Colon,PA,2020-10-25 07:35:15,9.36,-79.9,78.8,88,100,9.17,overcast clouds
383,Miandrivazo,MG,2020-10-25 07:35:15,-19.52,45.47,91.99,29,100,1.86,overcast clouds
384,Pedasi,PA,2020-10-25 07:35:16,7.53,-80.03,77.76,85,94,4.41,overcast clouds
385,Strezhevoy,RU,2020-10-25 07:35:16,60.73,77.59,24.8,79,100,15.66,overcast clouds
386,Mount Isa,AU,2020-10-25 07:33:59,-20.73,139.5,87.8,25,80,11.41,broken clouds
387,Vao,NC,2020-10-25 07:35:16,-22.67,167.48,72.68,84,41,18.7,scattered clouds
388,Joshimath,IN,2020-10-25 07:35:16,30.57,79.57,66.24,22,0,9.51,clear sky
389,Xining,CN,2020-10-25 07:31:26,36.62,101.77,55.74,36,79,12.35,broken clouds
390,Husavik,IS,2020-10-25 07:35:17,66.04,-17.34,41.0,86,75,11.41,light rain
391,Mama,RU,2020-10-25 07:35:17,58.31,112.9,37.92,83,100,2.19,overcast clouds
392,Porto Belo,BR,2020-10-25 07:35:17,-27.16,-48.55,72.0,73,58,4.7,broken clouds
393,Kanash,RU,2020-10-25 07:35:17,55.51,47.5,39.2,80,20,4.47,moderate rain
394,Daphne,US,2020-10-25 07:35:17,30.6,-87.9,71.6,88,90,7.07,overcast clouds
395,Qaqortoq,GL,2020-10-25 07:35:18,60.72,-46.03,28.4,68,100,3.36,overcast clouds
396,Yako,BF,2020-10-25 07:35:18,12.97,-2.27,84.16,18,7,7.54,clear sky
397,Vanimo,PG,2020-10-25 07:35:18,-2.67,141.3,82.89,71,97,3.65,light rain
398,Nyrob,RU,2020-10-25 07:35:18,60.73,56.72,32.45,93,73,6.76,broken clouds
399,Marsa Matruh,EG,2020-10-25 07:35:18,31.35,27.25,75.2,69,40,8.05,scattered clouds
400,Jose Bonifacio,BR,2020-10-25 07:35:19,-21.05,-49.69,69.03,92,0,4.14,clear sky
401,Middletown,US,2020-10-25 07:35:19,39.52,-84.4,44.01,81,90,8.05,overcast clouds
402,Osoyoos,CA,2020-10-25 07:35:19,49.03,-119.45,30.2,54,90,9.17,overcast clouds
403,Geelong,AU,2020-10-25 07:35:19,-38.15,144.36,54.0,71,90,19.46,overcast clouds
404,Talcahuano,CL,2020-10-25 07:35:19,-36.72,-73.12,48.2,93,0,6.93,clear sky
405,Umm Lajj,SA,2020-10-25 07:32:54,25.02,37.27,89.69,29,0,9.1,clear sky
406,Korla,CN,2020-10-25 07:35:20,41.76,86.15,59.45,31,8,14.14,clear sky
407,Rio Grande,BR,2020-10-25 07:32:35,-32.03,-52.1,69.01,92,47,13.09,scattered clouds
408,Nanortalik,GL,2020-10-25 07:35:20,60.14,-45.24,31.89,92,100,13.87,overcast clouds
409,Kefalos,GR,2020-10-25 07:35:20,36.75,26.96,71.6,83,0,6.93,clear sky
410,Kenora,CA,2020-10-25 07:35:20,49.82,-94.43,23.0,85,90,4.7,overcast clouds
411,Emerald,AU,2020-10-25 07:35:21,-23.53,148.17,89.6,27,40,10.29,scattered clouds
412,Sozimskiy,RU,2020-10-25 07:35:21,59.74,52.25,28.71,94,100,5.37,overcast clouds
413,Nebolchi,RU,2020-10-25 07:35:21,59.12,33.35,40.37,91,97,6.17,overcast clouds
414,Kuvshinovo,RU,2020-10-25 07:35:21,57.03,34.17,44.83,84,93,5.37,overcast clouds
415,Faanui,PF,2020-10-25 07:35:22,-16.48,-151.75,79.41,73,67,3.87,light rain
416,Kitimat,CA,2020-10-25 07:35:18,54.05,-128.65,30.99,65,100,3.29,snow
417,Siilinjarvi,FI,2020-10-25 07:35:22,63.08,27.67,32.0,86,90,6.93,mist
418,Calamar,CO,2020-10-25 07:35:22,10.25,-74.91,77.0,100,40,4.7,scattered clouds
419,Taltal,CL,2020-10-25 07:35:22,-25.4,-70.48,54.9,77,93,1.9,overcast clouds
420,Coihaique,CL,2020-10-25 07:35:23,-45.58,-72.07,41.0,80,100,4.7,light rain
421,Isangel,VU,2020-10-25 07:34:06,-19.55,169.27,80.6,65,75,5.82,broken clouds
422,Kalmunai,LK,2020-10-25 07:31:42,7.42,81.82,88.56,57,100,13.18,overcast clouds
423,Kavaratti,IN,2020-10-25 07:35:23,10.57,72.64,86.0,70,20,5.82,few clouds
424,Namibe,AO,2020-10-25 07:35:24,-15.2,12.15,71.6,75,41,5.99,scattered clouds
425,Saint Anthony,US,2020-10-25 07:35:24,45.02,-93.22,30.0,58,90,5.82,overcast clouds
426,Huntington,US,2020-10-25 07:35:24,38.42,-82.45,50.0,87,90,8.05,overcast clouds
427,Bonthe,SL,2020-10-25 07:35:24,7.53,-12.51,78.71,82,97,2.26,overcast clouds
428,Birao,CF,2020-10-25 07:35:25,10.28,22.79,87.66,26,0,5.82,clear sky
429,Bria,CF,2020-10-25 07:35:25,6.54,21.99,78.01,80,100,1.41,overcast clouds
430,Plainview,US,2020-10-25 07:34:49,40.78,-73.47,46.99,65,1,9.17,clear sky
431,San Quintin,MX,2020-10-25 07:35:25,30.48,-115.95,65.71,76,100,10.07,overcast clouds
432,Bitung,ID,2020-10-25 07:35:25,1.45,125.18,80.6,74,40,4.7,scattered clouds
433,Mahibadhoo,MV,2020-10-25 07:35:25,3.78,72.97,82.94,78,28,11.01,light rain
434,Gushikawa,JP,2020-10-25 07:35:26,26.35,127.87,77.0,60,75,8.05,broken clouds
435,Morlenbach,DE,2020-10-25 07:35:26,49.6,8.73,53.01,81,0,4.7,clear sky
436,Sorsk,RU,2020-10-25 07:35:26,54.0,90.25,26.65,75,0,8.16,clear sky
437,Vila Velha,BR,2020-10-25 07:35:27,-20.33,-40.29,73.99,88,90,9.17,moderate rain
438,Ryabovo,RU,2020-10-25 07:35:27,59.4,31.13,41.0,93,90,2.24,light rain
439,Dunedin,NZ,2020-10-25 07:31:30,-45.87,170.5,52.0,86,100,17.0,light rain
440,Tyazhinskiy,RU,2020-10-25 07:35:27,56.12,88.52,29.52,83,100,11.05,overcast clouds
441,Carandai,BR,2020-10-25 07:35:27,-20.95,-43.81,62.04,99,99,3.29,light rain
442,Lev Tolstoy,RU,2020-10-25 07:35:28,53.21,39.45,48.2,93,75,11.18,broken clouds
443,Bandarbeyla,SO,2020-10-25 07:35:28,9.49,50.81,81.57,53,10,10.56,clear sky
444,Stepnyak,KZ,2020-10-25 07:35:28,52.83,70.78,43.23,91,99,17.0,overcast clouds
445,Sur,OM,2020-10-25 07:35:28,22.57,59.53,84.36,44,0,16.28,clear sky
446,Luderitz,NA,2020-10-25 07:35:28,-26.65,15.16,73.33,38,98,21.25,overcast clouds
447,Soe,ID,2020-10-25 07:35:28,-9.86,124.28,76.5,74,86,7.23,moderate rain
448,Opuwo,NA,2020-10-25 07:35:29,-18.06,13.84,91.18,14,9,14.5,clear sky
449,Villaviciosa,ES,2020-10-25 07:35:29,43.48,-5.44,59.0,76,100,6.51,overcast clouds
450,Pemangkat,ID,2020-10-25 07:31:08,1.17,108.97,84.24,70,24,11.36,few clouds
451,Malakal,SS,2020-10-25 07:35:29,9.53,31.66,93.42,53,21,0.49,few clouds
452,Ancud,CL,2020-10-25 07:35:29,-41.87,-73.82,45.0,93,90,6.93,light intensity shower rain
453,Makaha,US,2020-10-25 07:31:36,21.47,-158.22,75.2,100,40,2.35,scattered clouds
454,Bosaso,SO,2020-10-25 07:34:12,11.28,49.18,87.8,55,0,4.7,clear sky
455,Aquiraz,BR,2020-10-25 07:35:30,-3.9,-38.39,80.6,78,75,14.99,broken clouds
456,Sao Paulo De Olivenca,BR,2020-10-25 07:35:30,-3.38,-68.87,73.65,87,100,1.23,overcast clouds
457,Lata,PT,2020-10-25 07:35:30,40.16,-8.33,63.0,92,100,4.0,light rain
458,Mayor Pablo Lagerenza,PY,2020-10-25 07:35:31,-19.93,-60.77,79.2,62,25,5.19,scattered clouds
459,Wajima,JP,2020-10-25 07:35:31,37.4,136.9,57.2,71,75,10.29,broken clouds
460,Trairi,BR,2020-10-25 07:35:31,-3.28,-39.27,80.19,74,99,11.68,overcast clouds
461,Oranjemund,NA,2020-10-25 07:35:31,-28.55,16.43,64.87,68,88,14.41,overcast clouds
462,Sampit,ID,2020-10-25 07:35:32,-2.53,112.95,85.6,76,100,3.42,overcast clouds
463,Kerema,PG,2020-10-25 07:35:32,-7.96,145.78,80.82,80,100,5.73,overcast clouds
464,Sao Joao Da Barra,BR,2020-10-25 07:35:32,-21.64,-41.05,72.81,90,99,9.64,overcast clouds
465,Angermunde,DE,2020-10-25 07:35:32,53.02,14.0,54.0,78,85,13.38,overcast clouds
466,Alta,NO,2020-10-25 07:35:32,69.97,23.27,35.6,91,70,2.24,light intensity drizzle
467,Mandera,KE,2020-10-25 07:35:32,3.94,41.87,87.22,49,56,11.27,broken clouds
468,Coahuayana,MX,2020-10-25 07:35:33,18.73,-103.68,79.86,88,25,0.83,scattered clouds
469,Shirokiy,RU,2020-10-25 07:35:33,49.76,129.52,42.93,65,0,12.44,clear sky
470,Krasnoselkup,RU,2020-10-25 07:35:33,65.7,82.47,12.69,96,96,7.4,overcast clouds
471,Vitim,RU,2020-10-25 07:35:33,59.45,112.56,33.84,92,100,8.01,overcast clouds
472,Manoel Urbano,BR,2020-10-25 07:35:34,-8.84,-69.26,71.85,94,99,0.85,overcast clouds
473,Toamasina,MG,2020-10-25 07:35:34,-18.17,49.38,80.6,61,75,6.93,broken clouds
474,Waingapu,ID,2020-10-25 07:35:34,-9.66,120.26,85.19,66,89,7.65,light rain
475,Lander,US,2020-10-25 07:35:34,42.83,-108.73,10.4,85,90,4.7,light snow
476,Lerwick,GB,2020-10-25 07:35:34,60.15,-1.15,48.2,81,0,11.41,clear sky
477,Palana,RU,2020-10-25 07:35:34,59.12,159.97,33.75,89,100,3.78,overcast clouds
478,Honningsvag,NO,2020-10-25 07:35:35,70.98,25.97,40.68,70,99,13.8,overcast clouds
479,Fort-Shevchenko,KZ,2020-10-25 07:35:35,44.51,50.26,65.19,74,67,10.85,broken clouds
480,Abha,SA,2020-10-25 07:35:35,18.22,42.51,75.2,11,0,9.17,clear sky
481,Baherden,TM,2020-10-25 07:35:35,38.44,57.43,76.15,19,0,11.01,clear sky
482,Thohoyandou,ZA,2020-10-25 07:35:36,-22.95,30.48,85.6,32,0,4.74,clear sky
483,Sokolo,ML,2020-10-25 07:35:36,14.73,-6.12,87.75,12,83,16.04,broken clouds
484,Qui Nhon,VN,2020-10-25 07:35:36,13.77,109.23,79.9,84,38,11.27,light rain
485,Alvorada,BR,2020-10-25 07:35:36,-12.48,-49.12,70.41,91,99,1.83,moderate rain
486,Acari,PE,2020-10-25 07:35:37,-15.43,-74.62,62.98,66,97,3.69,overcast clouds
487,Orsha,BY,2020-10-25 07:35:37,54.52,30.41,50.0,87,90,8.95,overcast clouds
488,Dingzhou,CN,2020-10-25 07:35:37,38.51,115.0,69.8,30,49,4.47,haze
489,Sombrio,BR,2020-10-25 07:35:37,-29.11,-49.62,66.33,95,62,3.24,broken clouds
490,Robertson,US,2020-10-25 07:35:38,36.52,-86.87,48.2,100,90,4.7,mist
491,Buala,SB,2020-10-25 07:35:38,-8.14,159.59,81.19,77,100,6.4,light rain
492,Anamur,TR,2020-10-25 07:35:38,36.08,32.84,80.6,30,0,2.24,clear sky
493,Kill,IE,2020-10-25 07:35:38,52.18,-7.33,46.0,82,4,1.01,clear sky
494,Gao,ML,2020-10-25 07:35:38,16.64,1.64,83.57,13,0,18.57,clear sky
495,Mangai,CD,2020-10-25 07:35:39,-4.05,19.53,82.65,66,100,3.94,overcast clouds
496,Geraldton,AU,2020-10-25 07:35:39,-28.77,114.6,87.8,20,0,12.75,clear sky
497,Aksu,CN,2020-10-25 07:35:39,41.12,80.26,61.5,26,100,7.45,overcast clouds
498,Kalat,PK,2020-10-25 07:35:39,29.02,66.59,63.88,21,0,8.14,clear sky
499,Ibra,OM,2020-10-25 07:35:39,22.69,58.53,90.81,11,0,5.86,clear sky
500,Zaysan,KZ,2020-10-25 07:35:40,47.47,84.87,43.66,51,22,9.66,few clouds
501,Jevargi,IN,2020-10-25 07:35:40,17.02,76.77,87.01,50,1,6.78,clear sky
502,Ambovombe,MG,2020-10-25 07:35:40,-25.17,46.08,84.04,46,60,11.07,broken clouds
503,Santiago,CL,2020-10-25 07:35:40,-33.46,-70.65,55.99,87,98,5.82,overcast clouds
504,Makato,PH,2020-10-25 07:35:40,11.71,122.29,77.29,90,100,10.96,heavy intensity rain
505,Beyneu,KZ,2020-10-25 07:31:31,45.32,55.2,68.16,43,99,16.11,overcast clouds
506,Padang,ID,2020-10-25 07:35:41,-0.95,100.35,84.96,61,37,6.53,light rain
507,Grindavik,IS,2020-10-25 07:35:41,63.84,-22.43,42.8,81,75,24.16,light intensity drizzle
508,Angoche,MZ,2020-10-25 07:35:41,-16.23,39.91,82.89,64,13,10.27,few clouds
509,Lakes Entrance,AU,2020-10-25 07:35:41,-37.88,147.98,54.0,77,100,5.99,light rain
510,Tura,IN,2020-10-25 07:35:41,25.52,90.22,79.09,85,30,3.15,scattered clouds
511,Agadez,NE,2020-10-25 07:35:42,19.75,10.25,73.17,21,0,15.14,clear sky
512,Vila Franca Do Campo,PT,2020-10-25 07:35:42,37.72,-25.43,62.6,77,20,4.7,few clouds
513,Rabo De Peixe,PT,2020-10-25 07:35:42,37.8,-25.58,62.6,77,20,4.7,few clouds
514,Burnie,AU,2020-10-25 07:35:42,-41.07,145.92,52.2,53,3,6.26,clear sky
515,Barra Patuca,HN,2020-10-25 07:35:43,15.8,-84.28,76.06,93,100,9.33,overcast clouds
516,Edd,ER,2020-10-25 07:35:43,13.93,41.69,96.22,28,0,15.32,clear sky
517,Belmonte,BR,2020-10-25 07:35:43,-15.86,-38.88,73.4,88,40,4.7,scattered clouds
518,Bilibino,RU,2020-10-25 07:35:44,68.05,166.44,17.4,88,0,1.19,clear sky
519,Kambarka,RU,2020-10-25 07:35:44,56.27,54.21,43.99,77,100,1.77,light rain
520,Kutum,SD,2020-10-25 07:35:44,14.2,24.67,77.77,25,0,16.28,clear sky
521,Alekseyevsk,RU,2020-10-25 07:35:44,57.84,108.35,32.81,95,100,11.77,overcast clouds
522,Karratha,AU,2020-10-25 07:35:44,-20.74,116.85,80.17,53,29,21.3,scattered clouds
523,Fujin,CN,2020-10-25 07:35:44,47.26,132.03,45.48,63,0,9.55,clear sky
524,Bom Jardim,BR,2020-10-25 07:35:45,-7.8,-35.59,66.92,96,29,1.72,scattered clouds
525,Nhulunbuy,AU,2020-10-25 07:35:45,-12.23,136.77,86.0,62,83,13.87,broken clouds
526,Sisophon,KH,2020-10-25 07:35:45,13.59,102.97,83.23,56,100,8.5,overcast clouds
527,Kez,RU,2020-10-25 07:35:45,57.9,53.72,37.13,80,49,5.37,scattered clouds
528,Erzin,TR,2020-10-25 07:35:45,36.96,36.2,84.0,20,100,1.99,overcast clouds
529,Santa Cruz,BO,2020-10-25 07:35:46,-17.8,-63.17,77.0,83,33,5.82,scattered clouds
530,Antalaha,MG,2020-10-25 07:35:46,-14.9,50.28,77.34,75,26,11.81,light rain
531,Filadelfia,US,2020-10-25 07:31:20,39.95,-75.16,48.2,61,75,13.87,broken clouds
532,Providencia,MX,2020-10-25 07:35:46,28.72,-111.58,68.0,77,2,1.99,clear sky
533,Tymovskoye,RU,2020-10-25 07:35:46,50.85,142.66,40.71,90,100,3.98,overcast clouds
534,Chekmagush,RU,2020-10-25 07:35:46,55.13,54.66,46.72,75,100,5.77,light rain
535,Kargasok,RU,2020-10-25 07:35:47,59.06,80.86,26.98,90,100,12.93,overcast clouds
536,Doka,SD,2020-10-25 07:34:07,13.52,35.77,89.55,44,2,8.88,clear sky
537,Sambava,MG,2020-10-25 07:35:47,-14.27,50.17,80.26,62,14,12.5,few clouds
538,Penzance,GB,2020-10-25 07:35:47,50.12,-5.54,51.8,76,94,21.92,light rain
539,Corowa,AU,2020-10-25 07:35:47,-36.03,146.38,63.0,53,98,3.0,overcast clouds
540,Port Macquarie,AU,2020-10-25 07:31:04,-31.43,152.92,64.4,88,90,10.29,light rain
541,Prachuap Khiri Khan,TH,2020-10-25 07:35:48,12.22,99.75,86.0,62,20,8.05,light rain
542,Panguna,PG,2020-10-25 07:35:48,-6.32,155.48,69.71,100,100,5.59,light rain
543,Constitucion,CL,2020-10-25 07:35:48,-35.33,-72.42,48.67,84,6,9.89,clear sky
544,Dunkirk,FR,2020-10-25 07:34:13,51.05,2.37,52.0,94,100,1.99,overcast clouds
545,Safaga,EG,2020-10-25 07:35:49,26.73,33.94,78.8,44,0,13.87,clear sky
546,Rocha,UY,2020-10-25 07:31:26,-34.48,-54.33,63.79,95,100,6.78,overcast clouds
547,Acapulco,MX,2020-10-25 07:32:21,16.86,-99.89,79.21,83,34,5.5,scattered clouds
548,Miri,MY,2020-10-25 07:35:49,4.41,114.01,82.4,83,40,4.7,moderate rain
549,Wanaka,NZ,2020-10-25 07:35:49,-44.7,169.15,56.64,83,100,4.94,overcast clouds
