City,City,Country,Date,Lat,Lng,Max Temp,Humidity,Cloudiness,Wind Speed,Current Description
0,Lavrentiya,RU,2020-10-25 16:07:06,65.58,-171.0,32.43,94,74,10.67,broken clouds
1,Ascension,US,2020-10-25 16:07:07,30.22,-90.9,64.0,82,90,5.82,overcast clouds
2,Longyearbyen,SJ,2020-10-25 16:07:08,78.22,15.64,28.4,74,75,10.29,broken clouds
3,Luderitz,NA,2020-10-25 16:07:09,-26.65,15.16,71.19,44,29,26.73,scattered clouds
4,Kishorganj,BD,2020-10-25 16:07:09,24.43,90.77,76.59,88,2,2.24,clear sky
5,Bluff,NZ,2020-10-25 16:07:10,-46.6,168.33,45.0,96,100,9.46,light rain
6,Ushuaia,AR,2020-10-25 16:07:11,-54.8,-68.3,48.2,57,40,5.82,scattered clouds
7,Punta Arenas,CL,2020-10-25 16:06:43,-53.15,-70.92,42.8,81,75,6.93,broken clouds
8,Mar Del Plata,AR,2020-10-25 16:07:11,-38.0,-57.56,64.4,93,90,6.93,light rain
9,Kapaa,US,2020-10-25 16:03:43,22.08,-159.32,77.5,75,3,3.74,clear sky
10,Torbay,CA,2020-10-25 16:03:17,47.67,-52.73,48.99,100,90,20.8,mist
11,Avarua,CK,2020-10-25 16:07:12,-21.21,-159.78,73.4,73,80,10.29,broken clouds
12,Hobart,AU,2020-10-25 16:03:10,-42.88,147.33,48.2,61,90,6.93,overcast clouds
13,East London,ZA,2020-10-25 16:05:35,-33.02,27.91,68.0,68,20,16.11,few clouds
14,Nabire,ID,2020-10-25 16:07:12,-3.37,135.48,75.65,88,68,4.63,light rain
15,Atlantic City,US,2020-10-25 16:07:12,39.36,-74.42,53.01,76,90,6.93,overcast clouds
16,Rikitea,PF,2020-10-25 16:07:13,-23.12,-134.97,71.83,88,100,19.01,moderate rain
17,Bredasdorp,ZA,2020-10-25 16:04:48,-34.53,20.04,64.4,68,100,12.75,overcast clouds
18,Mataura,NZ,2020-10-25 16:07:13,-46.19,168.86,45.0,96,100,2.57,light rain
19,Nikolskoye,RU,2020-10-25 16:07:13,59.7,30.79,42.8,87,90,2.19,overcast clouds
20,Tura,IN,2020-10-25 16:05:52,25.52,90.22,69.96,96,12,1.7,few clouds
21,Huesca,ES,2020-10-25 16:07:13,42.14,-0.41,59.0,67,75,2.24,broken clouds
22,Belmonte,BR,2020-10-25 16:07:13,-15.86,-38.88,82.4,69,75,14.99,broken clouds
23,Vaini,TO,2020-10-25 16:04:41,-21.2,-175.2,73.4,88,75,10.29,light rain
24,Yarim,YE,2020-10-25 16:07:14,14.3,44.38,58.62,34,6,2.04,clear sky
25,Kikwit,CD,2020-10-25 16:07:14,-5.04,18.82,82.06,74,96,2.1,overcast clouds
26,Albany,US,2020-10-25 16:07:14,42.6,-73.97,46.99,65,47,6.17,scattered clouds
27,Alofi,NU,2020-10-25 16:07:14,-19.06,-169.92,73.4,94,100,10.29,light rain
28,Port Alfred,ZA,2020-10-25 16:07:14,-33.59,26.89,67.95,74,42,11.43,scattered clouds
29,Cockburn Town,TC,2020-10-25 16:07:15,21.46,-71.14,83.71,78,63,23.09,broken clouds
30,Provideniya,RU,2020-10-25 16:04:28,64.38,-173.3,31.89,95,35,5.77,scattered clouds
31,Livingston,GB,2020-10-25 16:07:15,55.9,-3.52,52.0,66,40,20.8,scattered clouds
32,Hithadhoo,MV,2020-10-25 16:07:15,-0.6,73.08,83.53,71,37,5.06,scattered clouds
33,Yumen,CN,2020-10-25 16:07:15,40.28,97.2,37.06,62,55,11.99,broken clouds
34,Baiyin,CN,2020-10-25 16:07:15,36.56,104.21,48.99,52,0,2.24,clear sky
35,Tuktoyaktuk,CA,2020-10-25 16:07:16,69.45,-133.04,24.8,92,75,29.97,light snow
36,Kahului,US,2020-10-25 16:07:16,20.89,-156.47,75.2,64,1,5.82,clear sky
37,Barrow,US,2020-10-25 16:07:16,71.29,-156.79,26.6,73,90,3.36,overcast clouds
38,Boende,CD,2020-10-25 16:07:16,-0.22,20.87,78.19,84,89,2.19,light rain
39,Pisco,PE,2020-10-25 16:04:29,-13.7,-76.22,66.2,77,0,9.17,clear sky
40,Faya,SA,2020-10-25 16:07:16,18.39,42.45,69.8,49,20,10.29,few clouds
41,Busselton,AU,2020-10-25 16:07:17,-33.65,115.33,59.0,54,0,4.65,clear sky
42,Valdez,EC,2020-10-25 16:07:17,1.25,-78.98,79.81,76,65,7.9,broken clouds
43,Bengkulu,ID,2020-10-25 16:07:17,-3.8,102.27,75.83,87,100,4.12,moderate rain
44,Arraial Do Cabo,BR,2020-10-25 16:04:35,-22.97,-42.03,77.0,69,40,24.16,scattered clouds
45,Kodiak,US,2020-10-25 16:07:17,57.79,-152.41,46.4,93,90,5.82,light rain
46,Shimoda,JP,2020-10-25 16:07:17,34.67,138.95,60.82,59,0,6.55,clear sky
47,Grand Gaube,MU,2020-10-25 16:07:17,-20.01,57.66,71.01,84,44,11.01,light rain
48,Reichenau,PL,2020-10-25 16:07:18,50.91,14.96,55.99,80,0,3.0,clear sky
49,Campbell River,CA,2020-10-25 16:04:04,50.02,-125.24,30.0,92,75,2.24,broken clouds
50,Wilmington Island,US,2020-10-25 16:07:18,32.0,-80.97,78.01,83,75,3.33,broken clouds
51,Mahebourg,MU,2020-10-25 16:07:18,-20.41,57.7,75.2,73,75,11.41,shower rain
52,Castro,BR,2020-10-25 16:04:56,-24.79,-50.01,75.38,65,3,3.87,clear sky
53,Hilo,US,2020-10-25 16:07:18,19.73,-155.09,75.2,88,90,6.53,overcast clouds
54,Nishihara,JP,2020-10-25 16:07:19,26.18,127.76,73.4,64,75,9.17,broken clouds
55,Dubbo,AU,2020-10-25 16:02:49,-32.25,148.62,55.4,93,90,8.05,overcast clouds
56,Vitina,BA,2020-10-25 16:07:19,43.24,17.48,62.6,72,75,3.36,broken clouds
57,Lebu,CL,2020-10-25 16:07:19,-37.62,-73.65,54.27,57,0,7.05,clear sky
58,Shache,CN,2020-10-25 16:07:19,38.42,77.24,47.25,43,100,8.23,overcast clouds
59,Lucapa,AO,2020-10-25 16:07:20,-8.42,20.74,80.55,65,10,1.74,clear sky
60,Hay River,CA,2020-10-25 16:07:20,60.82,-115.8,10.4,85,75,4.7,broken clouds
61,Leo,BF,2020-10-25 16:07:20,11.1,-2.1,94.93,22,68,6.67,broken clouds
62,Khatanga,RU,2020-10-25 16:07:20,71.97,102.5,7.2,95,100,11.03,light snow
63,Esperance,AU,2020-10-25 16:07:20,-33.87,121.9,53.6,76,0,13.87,clear sky
64,Linhares,BR,2020-10-25 16:07:21,-19.39,-40.07,74.8,86,98,8.14,light rain
65,Huarmey,PE,2020-10-25 16:07:21,-10.07,-78.15,69.26,67,4,10.65,clear sky
66,Jamestown,US,2020-10-25 16:04:31,42.1,-79.24,45.0,69,75,8.05,broken clouds
67,Cape Canaveral,US,2020-10-25 16:07:21,28.41,-80.6,84.2,70,40,4.7,scattered clouds
68,Sibolga,ID,2020-10-25 16:07:21,1.74,98.78,76.86,79,100,2.71,heavy intensity rain
69,Sungaipenuh,ID,2020-10-25 16:07:21,-2.08,101.38,65.64,91,100,1.34,heavy intensity rain
70,Tucurui,BR,2020-10-25 16:07:22,-3.77,-49.67,101.55,34,15,1.99,few clouds
71,Bitung,ID,2020-10-25 16:07:22,1.45,125.18,75.2,94,40,8.28,scattered clouds
72,Matamoros,MX,2020-10-25 16:07:22,25.53,-103.25,73.4,35,5,2.91,clear sky
73,Qaqortoq,GL,2020-10-25 16:07:22,60.72,-46.03,41.0,41,100,16.11,overcast clouds
74,Butaritari,KI,2020-10-25 16:07:22,3.07,172.79,80.91,72,100,9.86,overcast clouds
75,Mount Gambier,AU,2020-10-25 16:07:22,-37.83,140.77,39.2,86,2,6.93,clear sky
76,Izhma,RU,2020-10-25 16:07:23,65.01,53.91,25.21,98,84,2.01,broken clouds
77,Morinville,CA,2020-10-25 16:07:23,53.8,-113.65,10.99,78,1,9.17,clear sky
78,Saint George,US,2020-10-25 16:05:18,37.1,-113.58,64.0,54,0,4.7,clear sky
79,Lensk,RU,2020-10-25 16:07:23,60.73,114.93,28.72,97,100,7.67,overcast clouds
80,Agrinion,GR,2020-10-25 16:07:23,38.62,21.41,68.0,68,20,4.7,few clouds
81,Meulaboh,ID,2020-10-25 16:07:23,4.14,96.13,77.43,79,97,4.0,overcast clouds
82,Sorong,ID,2020-10-25 16:05:09,-0.88,131.25,79.5,82,96,4.45,overcast clouds
83,Phek,IN,2020-10-25 16:07:24,25.67,94.5,57.15,100,1,0.81,clear sky
84,Sola,VU,2020-10-25 16:04:42,-13.88,167.55,79.56,83,91,18.61,light rain
85,Kununurra,AU,2020-10-25 16:07:24,-15.77,128.73,82.4,78,11,3.36,few clouds
86,Balkanabat,TM,2020-10-25 16:07:24,39.51,54.37,65.19,27,0,4.41,clear sky
87,Lakes Entrance,AU,2020-10-25 16:07:24,-37.88,147.98,52.0,93,88,12.55,overcast clouds
88,Touros,BR,2020-10-25 16:04:47,-5.2,-35.46,87.8,62,20,18.34,few clouds
89,Rawson,AR,2020-10-25 16:07:24,-43.3,-65.1,65.98,26,0,20.83,clear sky
90,Port Elizabeth,ZA,2020-10-25 16:07:25,-33.92,25.57,68.0,72,75,20.8,broken clouds
91,Panvel,IN,2020-10-25 16:07:25,18.98,73.1,86.0,84,40,4.7,haze
92,Ribeira Grande,PT,2020-10-25 16:07:25,38.52,-28.7,69.8,68,75,12.75,broken clouds
93,Upernavik,GL,2020-10-25 16:07:25,72.79,-56.15,14.65,77,26,4.74,scattered clouds
94,Chimbote,PE,2020-10-25 16:07:25,-9.09,-78.58,68.74,69,29,10.67,scattered clouds
95,Chara,RU,2020-10-25 16:07:25,56.91,118.26,31.06,90,100,1.79,overcast clouds
96,Norman Wells,CA,2020-10-25 16:07:26,65.28,-126.83,15.8,92,75,3.36,broken clouds
97,Cape Town,ZA,2020-10-25 16:06:02,-33.93,18.42,68.0,60,20,23.04,few clouds
98,Adrar,MR,2020-10-25 16:07:26,20.5,-10.07,99.18,9,49,10.8,scattered clouds
99,Fare,PF,2020-10-25 16:07:26,-16.7,-151.02,79.9,69,40,2.42,scattered clouds
100,Karratha,AU,2020-10-25 16:04:50,-20.74,116.85,69.15,88,0,12.17,clear sky
101,Pangnirtung,CA,2020-10-25 16:07:27,66.15,-65.71,16.23,83,21,3.58,few clouds
102,Lata,PT,2020-10-25 16:07:27,40.16,-8.33,63.0,85,99,7.0,light rain
103,Westport,US,2020-10-25 16:07:27,41.14,-73.36,51.01,53,1,9.17,clear sky
104,Lakselv,NO,2020-10-25 16:07:27,70.05,24.97,35.6,80,75,33.33,broken clouds
105,Constitucion,CL,2020-10-25 16:07:01,-35.33,-72.42,59.81,53,0,12.97,clear sky
106,Urdoma,RU,2020-10-25 16:07:27,61.75,48.54,28.63,98,99,5.44,overcast clouds
107,Mapiripan,CO,2020-10-25 16:07:27,2.89,-72.13,89.76,58,57,7.85,broken clouds
108,Mongomo,GQ,2020-10-25 16:07:28,1.63,11.31,77.0,83,90,3.69,thunderstorm
109,Cherskiy,RU,2020-10-25 16:07:28,68.75,161.3,12.85,96,99,1.14,overcast clouds
110,Kjollefjord,NO,2020-10-25 16:07:28,70.95,27.35,35.6,80,0,12.75,clear sky
111,Tiksi,RU,2020-10-25 16:07:28,71.69,128.87,5.54,90,100,31.52,overcast clouds
112,Saint-Philippe,RE,2020-10-25 16:07:28,-21.36,55.77,75.2,64,20,14.99,few clouds
113,Srikakulam,IN,2020-10-25 16:07:28,18.3,83.9,78.46,81,23,5.1,few clouds
114,Pascagoula,US,2020-10-25 16:07:28,30.37,-88.56,66.2,88,90,8.05,overcast clouds
115,Inhambane,MZ,2020-10-25 16:07:29,-23.86,35.38,80.6,74,20,11.41,few clouds
116,Leira,ES,2020-10-25 16:07:29,43.12,-8.4,55.4,76,20,5.82,light rain
117,Atuona,PF,2020-10-25 16:07:29,-9.8,-139.03,78.55,73,13,19.71,few clouds
118,Belyy Yar,RU,2020-10-25 16:07:29,53.6,91.39,21.2,79,76,4.47,mist
119,Los Llanos De Aridane,ES,2020-10-25 16:07:29,28.66,-17.92,73.4,60,40,11.41,scattered clouds
120,Xiongzhou,CN,2020-10-25 16:07:29,25.12,114.3,65.1,62,72,0.92,broken clouds
121,Vestmannaeyjar,IS,2020-10-25 16:07:30,63.44,-20.27,44.6,52,75,11.41,broken clouds
122,Puerto Ayora,EC,2020-10-25 16:07:30,-0.74,-90.35,73.4,78,75,19.46,broken clouds
123,Hermanus,ZA,2020-10-25 16:07:30,-34.42,19.23,62.01,82,97,4.0,overcast clouds
124,Chitral,PK,2020-10-25 16:07:30,35.85,71.79,52.61,41,27,5.1,scattered clouds
125,Sovetskiy,RU,2020-10-25 16:07:30,61.36,63.58,26.4,98,84,2.28,broken clouds
126,Singkang,MY,2020-10-25 16:07:31,2.1,102.8,78.8,83,40,2.24,scattered clouds
127,Panzhihua,CN,2020-10-25 16:07:31,26.59,101.71,68.99,72,50,1.66,scattered clouds
128,Ponta Do Sol,PT,2020-10-25 16:04:44,32.67,-17.1,73.4,53,20,8.05,few clouds
129,Kapit,MY,2020-10-25 16:07:31,2.02,112.93,75.79,88,100,0.6,heavy intensity rain
130,Georgetown,MY,2020-10-25 16:04:34,5.41,100.34,78.8,94,40,4.97,heavy intensity rain
131,Cabo San Lucas,MX,2020-10-25 16:07:31,22.89,-109.91,84.99,54,20,17.22,few clouds
132,Puerto Escondido,MX,2020-10-25 16:05:35,15.85,-97.07,80.6,78,20,6.93,few clouds
133,Ilulissat,GL,2020-10-25 16:07:32,69.22,-51.1,17.6,52,23,1.12,few clouds
134,Gizo,SB,2020-10-25 16:07:32,-8.1,156.84,81.01,75,98,1.14,overcast clouds
135,Naze,JP,2020-10-25 16:07:32,28.37,129.48,64.4,82,75,3.36,broken clouds
136,Sao Joao Da Barra,BR,2020-10-25 16:07:32,-21.64,-41.05,69.8,94,90,16.11,overcast clouds
137,Chokurdakh,RU,2020-10-25 16:07:32,70.63,147.92,8.01,94,3,11.25,clear sky
138,Yellowknife,CA,2020-10-25 16:05:57,62.46,-114.35,26.01,92,75,4.7,light snow
139,Qaanaaq,GL,2020-10-25 16:07:32,77.48,-69.36,14.09,82,65,14.16,broken clouds
140,Xichang,CN,2020-10-25 16:07:33,27.9,102.26,61.74,77,40,0.87,scattered clouds
141,Hualmay,PE,2020-10-25 16:07:33,-11.1,-77.61,69.04,67,11,11.18,few clouds
142,Maun,BW,2020-10-25 16:07:33,-19.98,23.42,98.6,18,40,11.41,scattered clouds
143,Nanortalik,GL,2020-10-25 16:07:33,60.14,-45.24,35.17,87,100,22.64,light rain
144,Dikson,RU,2020-10-25 16:07:33,73.51,80.55,18.25,97,95,11.5,overcast clouds
145,Sayyan,YE,2020-10-25 16:07:33,15.17,44.32,59.54,27,0,7.25,clear sky
146,Tigre,AR,2020-10-25 16:03:59,-34.43,-58.58,69.01,100,90,6.93,moderate rain
147,Rovenki,UA,2020-10-25 16:07:34,48.08,39.38,50.29,84,45,6.76,scattered clouds
148,Namibe,AO,2020-10-25 16:07:34,-15.2,12.15,75.2,36,20,23.04,few clouds
149,Vostok,RU,2020-10-25 16:07:34,46.49,135.88,31.17,100,98,3.02,overcast clouds
150,Shingu,JP,2020-10-25 16:07:34,33.73,135.98,51.13,66,49,6.78,scattered clouds
151,Kushmurun,KZ,2020-10-25 16:07:34,52.45,64.63,47.93,89,100,10.69,overcast clouds
152,Carnarvon,AU,2020-10-25 16:07:34,-24.87,113.63,69.8,88,90,17.22,overcast clouds
153,Faanui,PF,2020-10-25 16:07:35,-16.48,-151.75,79.56,69,35,0.92,scattered clouds
154,Riberalta,BO,2020-10-25 16:07:35,-10.98,-66.1,89.6,59,75,16.11,shower rain
155,Arlit,NE,2020-10-25 16:07:35,18.74,7.39,92.79,10,0,7.43,clear sky
156,Cidreira,BR,2020-10-25 16:07:35,-30.18,-50.21,72.52,79,52,20.2,broken clouds
157,Luanda,AO,2020-10-25 16:03:36,-8.84,13.23,82.4,74,75,9.17,broken clouds
158,Rundu,NA,2020-10-25 16:07:36,-17.93,19.77,97.92,10,47,7.56,scattered clouds
159,Airai,TL,2020-10-25 16:07:36,-8.93,125.41,62.56,100,100,1.34,overcast clouds
160,Saskylakh,RU,2020-10-25 16:07:36,71.92,114.08,9.73,94,100,13.87,overcast clouds
161,Bethel,US,2020-10-25 16:07:36,41.37,-73.41,48.0,51,1,11.41,clear sky
162,Maumere,ID,2020-10-25 16:07:36,-8.62,122.21,80.78,78,100,7.87,overcast clouds
163,Russell,US,2020-10-25 16:07:36,32.35,-85.2,73.4,78,90,3.36,overcast clouds
164,Beloha,MG,2020-10-25 16:07:36,-25.17,45.05,75.4,52,50,4.16,scattered clouds
165,Chuy,UY,2020-10-25 16:07:37,-33.7,-53.46,73.42,75,100,12.57,overcast clouds
166,San Carlos De Bariloche,AR,2020-10-25 16:07:37,-41.15,-71.31,48.2,42,40,26.4,scattered clouds
167,Ayan,RU,2020-10-25 16:07:37,56.45,138.17,28.4,89,0,20.36,clear sky
168,Saint Anthony,US,2020-10-25 16:02:50,45.02,-93.22,28.99,79,90,5.82,overcast clouds
169,Port Blair,IN,2020-10-25 16:04:38,11.67,92.75,79.93,82,60,8.61,moderate rain
170,Waipawa,NZ,2020-10-25 16:07:37,-41.41,175.52,60.8,87,19,20.8,few clouds
171,Moose Factory,CA,2020-10-25 16:07:37,51.26,-80.61,24.8,85,90,8.05,overcast clouds
172,Shetpe,KZ,2020-10-25 16:07:38,44.17,52.12,57.6,92,100,12.91,overcast clouds
173,Katsuura,JP,2020-10-25 16:04:52,35.13,140.3,57.2,76,20,6.93,few clouds
174,Beihai,CN,2020-10-25 16:07:38,21.48,109.1,72.75,76,89,8.39,light rain
175,Kurilsk,RU,2020-10-25 16:07:38,45.23,147.88,48.36,76,93,15.55,light rain
176,Dourbali,TD,2020-10-25 16:07:38,11.81,15.86,93.74,15,27,9.1,scattered clouds
177,Manggar,ID,2020-10-25 16:07:38,-2.88,108.27,80.73,82,100,5.08,overcast clouds
178,Independence,US,2020-10-25 16:03:26,39.09,-94.42,39.0,93,90,8.05,mist
179,Margate,GB,2020-10-25 16:07:38,51.38,1.39,53.01,79,31,4.0,light rain
180,Khorixas,NA,2020-10-25 16:07:39,-20.37,14.97,93.97,15,79,21.25,broken clouds
181,Vardo,NO,2020-10-25 16:07:39,70.37,31.11,37.4,69,75,11.41,broken clouds
182,Ibate,BR,2020-10-25 16:07:39,-21.95,-48.0,77.43,71,55,5.53,moderate rain
183,Udachnyy,RU,2020-10-25 16:07:39,66.42,112.4,-6.38,85,0,2.35,clear sky
184,Caledonia,US,2020-10-25 16:07:39,42.81,-87.92,42.01,69,90,9.17,overcast clouds
185,Lisakovsk,KZ,2020-10-25 16:07:39,52.54,62.49,48.42,87,100,7.02,light rain
186,Witu,KE,2020-10-25 16:07:40,-2.39,40.44,82.4,69,20,10.29,few clouds
187,Sitka,US,2020-10-25 16:07:40,57.05,-135.33,42.8,52,90,10.29,overcast clouds
188,Kaitangata,NZ,2020-10-25 16:07:40,-46.28,169.85,46.99,97,100,8.01,light rain
189,At-Bashi,KG,2020-10-25 16:06:07,41.17,75.81,35.33,76,81,2.75,broken clouds
190,Teluknaga,ID,2020-10-25 16:07:40,-6.1,106.64,81.0,88,20,6.93,light rain
191,Hasaki,JP,2020-10-25 16:07:40,35.73,140.83,50.0,87,20,4.7,few clouds
192,Ajaccio,FR,2020-10-25 16:07:41,42.0,8.92,68.0,72,20,5.82,few clouds
193,Pevek,RU,2020-10-25 16:07:41,69.7,170.31,26.13,96,99,5.32,overcast clouds
194,Mathathane,BW,2020-10-25 16:05:02,-22.27,28.75,91.4,15,0,12.82,clear sky
195,Totness,SR,2020-10-25 16:05:33,5.88,-56.32,88.3,61,28,11.9,scattered clouds
196,Sabang,ID,2020-10-25 16:07:41,5.89,95.32,82.33,76,100,17.47,overcast clouds
197,Roshni-Chu,RU,2020-10-25 16:07:41,43.09,45.45,60.8,36,0,4.47,clear sky
198,Behat,IN,2020-10-25 16:07:41,30.17,77.62,68.0,72,0,4.68,haze
199,Dolores,AR,2020-10-25 16:07:42,-36.31,-57.68,66.99,95,100,8.59,light rain
200,Sechura,PE,2020-10-25 16:07:42,-5.56,-80.82,74.07,57,59,7.02,broken clouds
201,Hamilton,US,2020-10-25 16:07:42,39.18,-84.53,48.99,87,90,8.05,overcast clouds
202,Yulara,AU,2020-10-25 16:07:42,-25.24,130.99,66.2,29,5,10.29,clear sky
203,Kieta,PG,2020-10-25 16:07:42,-6.22,155.63,78.48,74,95,3.87,overcast clouds
204,Sorland,NO,2020-10-25 16:07:42,67.67,12.69,41.0,75,75,14.99,moderate rain
205,Zverevo,RU,2020-10-25 16:07:43,48.02,40.12,59.0,67,20,8.95,few clouds
206,Berck,FR,2020-10-25 16:07:43,50.4,1.6,53.6,87,51,6.93,light rain
207,Vila Velha,BR,2020-10-25 16:07:43,-20.33,-40.29,77.0,88,75,4.7,moderate rain
208,Hofn,IS,2020-10-25 16:05:39,64.25,-15.21,46.4,70,90,12.75,shower rain
209,Fayetteville,US,2020-10-25 16:04:25,35.05,-78.88,66.99,100,90,5.82,overcast clouds
210,Tikhvin,RU,2020-10-25 16:07:43,59.65,33.53,36.19,94,57,1.88,broken clouds
211,Sur,OM,2020-10-25 16:07:44,22.57,59.53,75.96,52,0,7.09,clear sky
212,Enshi,CN,2020-10-25 16:07:44,30.3,109.48,59.22,62,100,0.72,overcast clouds
213,Mujiayingzi,CN,2020-10-25 16:07:44,42.12,118.78,45.84,53,13,1.79,few clouds
214,Trelew,AR,2020-10-25 16:07:44,-43.25,-65.31,68.49,23,0,23.94,clear sky
215,Broken Hill,AU,2020-10-25 16:07:44,-31.95,141.43,44.6,75,1,5.82,clear sky
216,Luau,AO,2020-10-25 16:07:45,-10.71,22.22,81.25,50,34,4.27,scattered clouds
217,Mancio Lima,BR,2020-10-25 16:07:45,-7.61,-72.9,97.43,36,16,4.47,few clouds
218,Sharan,RU,2020-10-25 16:07:45,54.82,54.0,43.5,87,100,6.4,light rain
219,General Pico,AR,2020-10-25 16:07:45,-35.66,-63.76,69.13,40,100,18.5,overcast clouds
220,Roald,NO,2020-10-25 16:07:45,62.58,6.13,50.0,61,40,8.05,scattered clouds
221,Bonnyville,CA,2020-10-25 16:07:45,54.27,-110.73,17.6,67,75,8.05,broken clouds
222,Fairbanks,US,2020-10-25 16:03:38,64.84,-147.72,28.0,85,90,2.08,overcast clouds
223,Kupang,ID,2020-10-25 16:07:46,-10.17,123.58,80.64,80,70,6.8,broken clouds
224,Usinsk,RU,2020-10-25 16:07:46,65.99,57.53,22.98,98,100,6.24,light snow
225,George,ZA,2020-10-25 16:05:10,-33.96,22.46,62.6,82,75,4.7,broken clouds
226,Talnakh,RU,2020-10-25 16:07:46,69.49,88.4,10.4,85,75,11.18,light snow
227,Coquimbo,CL,2020-10-25 16:07:46,-29.95,-71.34,64.4,59,0,12.75,clear sky
228,Chapais,CA,2020-10-25 16:07:46,49.78,-74.85,26.6,86,90,10.29,light snow
229,Shahreza,IR,2020-10-25 16:07:46,32.03,51.88,50.2,43,0,3.87,clear sky
230,Boden,SE,2020-10-25 16:07:47,65.83,21.69,35.6,93,75,8.05,broken clouds
231,Namatanai,PG,2020-10-25 16:07:47,-3.67,152.43,78.12,85,100,3.56,overcast clouds
232,Maputo,MZ,2020-10-25 16:07:47,-25.97,32.59,84.2,58,0,14.99,clear sky
233,Grindavik,IS,2020-10-25 16:07:47,63.84,-22.43,42.8,81,75,16.11,broken clouds
234,Lahat,ID,2020-10-25 16:07:47,-3.8,103.53,73.15,89,100,2.19,overcast clouds
235,Languyan,PH,2020-10-25 16:07:47,5.26,120.08,77.79,87,100,1.41,moderate rain
236,Tutoia,BR,2020-10-25 16:07:47,-2.76,-42.27,87.17,59,48,14.85,scattered clouds
237,Humaita,BR,2020-10-25 16:06:00,-7.51,-63.02,84.52,66,100,4.03,overcast clouds
238,Timbo,BR,2020-10-25 16:07:48,-26.82,-49.27,86.0,54,79,1.01,broken clouds
239,Lubango,AO,2020-10-25 16:07:48,-14.92,13.49,86.0,36,40,18.34,scattered clouds
240,Ahipara,NZ,2020-10-25 16:07:48,-35.17,173.17,56.01,92,10,4.09,clear sky
241,Fortuna,US,2020-10-25 16:07:48,40.6,-124.16,48.0,100,90,4.7,overcast clouds
242,Codrington,AU,2020-10-25 16:07:49,-38.27,141.97,48.42,70,0,14.2,clear sky
243,Vanimo,PG,2020-10-25 16:07:49,-2.67,141.3,80.11,77,100,2.98,light rain
244,Ternate,ID,2020-10-25 16:07:49,0.8,127.4,81.46,74,83,2.98,broken clouds
245,Karakol,KG,2020-10-25 16:07:49,42.49,78.39,37.76,66,87,2.68,overcast clouds
246,Envira,BR,2020-10-25 16:07:49,-7.3,-70.22,97.61,37,55,4.18,broken clouds
247,Catuday,PH,2020-10-25 16:07:49,16.29,119.81,80.98,85,100,6.82,moderate rain
248,Korem,ET,2020-10-25 16:07:49,12.51,39.52,60.03,43,0,7.11,clear sky
249,Douentza,ML,2020-10-25 16:07:50,15.0,-2.95,98.4,8,0,11.86,clear sky
250,Kavaratti,IN,2020-10-25 16:07:50,10.57,72.64,82.27,73,43,6.67,scattered clouds
251,Vanderhoof,CA,2020-10-25 16:04:08,54.02,-124.02,17.51,91,100,1.41,overcast clouds
252,Acri,IT,2020-10-25 16:07:50,39.49,16.38,63.0,80,20,1.01,few clouds
253,Ostrovnoy,RU,2020-10-25 16:07:50,68.05,39.51,29.44,92,67,11.1,broken clouds
254,Biak,ID,2020-10-25 16:07:50,-0.91,122.88,78.01,75,27,3.71,scattered clouds
255,Cayenne,GF,2020-10-25 16:07:50,4.93,-52.33,89.6,59,75,10.29,broken clouds
256,Poya,NC,2020-10-25 16:07:51,-21.35,165.15,71.92,82,3,5.97,clear sky
257,Hobyo,SO,2020-10-25 16:07:51,5.35,48.53,81.14,77,25,11.21,scattered clouds
258,Sobolevo,RU,2020-10-25 16:07:51,54.43,31.9,47.53,82,100,4.68,overcast clouds
259,Bambous Virieux,MU,2020-10-25 16:07:51,-20.34,57.76,75.2,73,75,11.41,shower rain
260,Sao Jose Da Coroa Grande,BR,2020-10-25 16:07:51,-8.9,-35.15,82.29,72,89,13.96,overcast clouds
261,Samarai,PG,2020-10-25 16:07:51,-10.62,150.67,79.66,84,53,1.95,light rain
262,Puerto Madero,MX,2020-10-25 16:07:52,14.72,-92.42,82.4,88,40,3.36,scattered clouds
263,Severo-Yeniseyskiy,RU,2020-10-25 16:07:52,60.37,93.04,14.65,98,98,4.18,overcast clouds
264,Pitsunda,GE,2020-10-25 16:07:52,43.16,40.34,66.0,72,52,4.47,broken clouds
265,Kruisfontein,ZA,2020-10-25 16:07:52,-34.0,24.73,69.01,68,64,4.0,broken clouds
266,Taozhuang,CN,2020-10-25 16:07:52,34.85,117.33,57.83,57,68,1.83,broken clouds
267,Hervey Bay,AU,2020-10-25 16:05:23,-25.3,152.85,73.99,91,25,4.0,scattered clouds
268,Vila Franca Do Campo,PT,2020-10-25 16:07:52,37.72,-25.43,68.0,64,40,12.75,shower rain
269,Goderich,CA,2020-10-25 16:07:53,43.75,-81.72,43.0,74,95,5.17,overcast clouds
270,Hereford,GB,2020-10-25 16:07:53,52.06,-2.71,48.0,93,84,10.49,moderate rain
271,Krasnovishersk,RU,2020-10-25 16:07:53,60.41,57.08,27.18,97,100,4.41,overcast clouds
272,Thap Than,TH,2020-10-25 16:07:53,15.46,99.89,75.36,85,92,3.42,light rain
273,Anchorage,US,2020-10-25 16:07:53,61.22,-149.9,37.0,74,90,6.93,moderate rain
274,Tuatapere,NZ,2020-10-25 16:07:53,-46.13,167.68,45.0,96,100,4.79,light rain
275,Kyra,RU,2020-10-25 16:07:53,49.58,111.98,32.58,91,41,5.35,scattered clouds
276,Sokolo,ML,2020-10-25 16:07:54,14.73,-6.12,99.88,7,90,14.9,overcast clouds
277,Thompson,CA,2020-10-25 16:07:39,55.74,-97.86,23.0,92,90,6.93,light snow
278,Eureka,US,2020-10-25 16:07:54,40.8,-124.16,46.99,96,1,3.18,clear sky
279,Haines Junction,CA,2020-10-25 16:07:54,60.75,-137.51,24.21,92,100,1.77,overcast clouds
280,Te Anau,NZ,2020-10-25 16:04:50,-45.42,167.72,44.55,91,100,3.94,overcast clouds
281,Tanda,IN,2020-10-25 16:07:54,26.55,82.65,73.63,35,0,4.21,clear sky
282,Deogarh,IN,2020-10-25 16:07:54,21.53,84.73,73.31,54,99,1.81,overcast clouds
283,Nantucket,US,2020-10-25 16:04:38,41.28,-70.1,55.4,54,75,17.22,broken clouds
284,Atambua,ID,2020-10-25 16:07:55,-9.11,124.89,76.78,85,94,2.93,overcast clouds
285,Honiara,SB,2020-10-25 16:07:55,-9.43,159.95,73.4,100,40,4.7,scattered clouds
286,Anadyr,RU,2020-10-25 16:07:55,64.75,177.48,24.8,92,90,2.24,light snow
287,Gloversville,US,2020-10-25 16:07:55,43.05,-74.34,46.0,65,75,3.36,broken clouds
288,Souillac,MU,2020-10-25 16:07:55,-20.52,57.52,75.2,73,75,11.41,shower rain
289,Dunedin,NZ,2020-10-25 16:07:55,-45.87,170.5,48.0,90,100,8.46,moderate rain
290,Poso,ID,2020-10-25 16:07:56,-1.4,120.75,78.22,71,47,3.98,scattered clouds
291,Gidam,IN,2020-10-25 16:07:56,18.98,81.4,69.91,69,4,3.49,clear sky
292,Ponta Pora,BR,2020-10-25 16:07:56,-22.54,-55.73,84.2,58,0,8.05,clear sky
293,Swedru,GH,2020-10-25 16:07:56,5.54,-0.7,77.0,94,20,4.7,few clouds
294,Ndele,CF,2020-10-25 16:07:56,8.41,20.65,80.67,67,31,2.48,scattered clouds
295,Alibag,IN,2020-10-25 16:07:56,18.64,72.88,86.0,84,40,4.7,haze
296,Kholtoson,RU,2020-10-25 16:07:56,50.3,103.31,20.01,87,96,1.23,overcast clouds
297,Tyukhtet,RU,2020-10-25 16:07:57,56.54,89.3,27.7,85,100,7.47,overcast clouds
298,Olinda,BR,2020-10-25 16:07:57,-8.01,-34.86,84.2,66,40,11.41,scattered clouds
299,Gazanjyk,TM,2020-10-25 16:07:57,39.24,55.52,64.96,27,0,9.6,clear sky
300,Labuhan,ID,2020-10-25 16:07:57,-6.88,112.21,80.83,80,93,7.99,overcast clouds
301,San Juan,AR,2020-10-25 16:03:14,-31.54,-68.54,72.91,30,29,24.07,scattered clouds
302,Butterworth,MY,2020-10-25 16:04:24,5.4,100.36,78.8,94,40,4.68,heavy intensity rain
303,Taunggyi,MM,2020-10-25 16:07:57,20.78,97.03,62.28,100,51,1.01,broken clouds
304,Cartagena,CO,2020-10-25 16:03:24,10.4,-75.51,83.37,74,87,8.39,overcast clouds
305,Biltine,TD,2020-10-25 16:07:58,14.53,20.92,90.03,12,48,9.64,scattered clouds
306,Tasiilaq,GL,2020-10-25 16:04:50,65.61,-37.64,32.0,97,100,8.05,overcast clouds
307,Oda,JP,2020-10-25 16:07:58,35.18,132.5,55.38,69,50,7.45,scattered clouds
308,Quelimane,MZ,2020-10-25 16:07:58,-17.88,36.89,84.2,62,0,13.87,clear sky
309,Sebinkarahisar,TR,2020-10-25 16:07:58,40.29,38.42,56.79,37,49,3.18,scattered clouds
310,Uglovskoye,RU,2020-10-25 16:07:58,51.36,80.19,38.66,72,91,17.58,overcast clouds
311,Port Hardy,CA,2020-10-25 16:07:58,50.7,-127.42,35.6,80,90,3.36,overcast clouds
312,Kharp,RU,2020-10-25 16:07:59,66.8,65.81,14.81,94,100,11.18,light snow
313,Nocupetaro,MX,2020-10-25 16:07:59,19.05,-101.15,79.41,52,42,1.57,scattered clouds
314,Fort Nelson,CA,2020-10-25 16:07:59,58.81,-122.7,12.2,78,40,5.82,scattered clouds
315,Port Hueneme,US,2020-10-25 16:07:59,34.15,-119.2,64.0,72,90,8.05,overcast clouds
316,Klaksvik,FO,2020-10-25 16:07:59,62.23,-6.59,44.6,93,100,1.12,overcast clouds
317,Erzin,TR,2020-10-25 16:07:59,36.96,36.2,80.01,69,51,3.87,broken clouds
318,Tahta,EG,2020-10-25 16:08:00,26.77,31.5,82.4,30,0,14.99,clear sky
319,Wanning,CN,2020-10-25 16:08:00,18.8,110.4,75.9,90,97,2.73,overcast clouds
320,Stokmarknes,NO,2020-10-25 16:08:00,68.56,14.91,42.8,52,75,14.99,shower rain
321,Ochamchira,GE,2020-10-25 16:08:00,42.71,41.47,66.47,42,8,4.7,clear sky
322,Dawei,MM,2020-10-25 16:08:00,14.08,98.2,76.26,83,100,2.39,overcast clouds
323,Severo-Kurilsk,RU,2020-10-25 16:08:01,50.68,156.12,43.07,84,31,5.61,scattered clouds
324,Garowe,SO,2020-10-25 16:08:01,8.41,48.48,86.76,31,1,1.03,clear sky
325,Mamakan,RU,2020-10-25 16:08:01,57.82,114.0,33.21,92,100,2.98,overcast clouds
326,Pacific Grove,US,2020-10-25 16:07:03,36.62,-121.92,59.0,87,90,3.36,overcast clouds
327,Gat,IL,2020-10-25 16:08:01,31.61,34.76,80.6,69,20,6.93,few clouds
328,Pekan,MY,2020-10-25 16:08:01,3.48,103.4,77.0,94,20,11.41,heavy intensity rain
329,Sinnamary,GF,2020-10-25 16:08:02,5.38,-52.95,87.69,59,1,11.61,clear sky
330,Bandarbeyla,SO,2020-10-25 16:08:02,9.49,50.81,76.95,74,41,15.3,scattered clouds
331,Komsomolskiy,UZ,2020-10-25 16:08:02,40.43,71.72,48.2,57,0,6.93,mist
332,Yarmouth,US,2020-10-25 16:08:02,41.71,-70.23,54.0,54,40,10.29,scattered clouds
333,Kavieng,PG,2020-10-25 16:08:02,-2.57,150.8,80.04,84,97,16.84,heavy intensity rain
334,San Luis,AR,2020-10-25 16:08:02,-33.3,-66.34,60.49,35,84,18.32,broken clouds
335,Bacolod,PH,2020-10-25 16:08:02,10.67,122.95,77.58,90,100,22.68,moderate rain
336,Murgab,TM,2020-10-25 16:08:03,37.5,61.97,60.8,44,0,4.7,clear sky
337,Coacotla,MX,2020-10-25 16:08:03,17.93,-94.67,77.0,94,75,3.24,broken clouds
338,Bouna,CI,2020-10-25 16:08:03,9.27,-3.0,94.19,29,41,4.54,scattered clouds
339,Semey,KZ,2020-10-25 16:06:32,50.41,80.23,41.47,64,100,16.75,overcast clouds
340,Tessalit,ML,2020-10-25 16:08:03,20.2,1.01,95.04,10,0,18.63,clear sky
341,Aykhal,RU,2020-10-25 16:08:03,66.0,111.5,-2.7,82,0,3.51,clear sky
342,Nalut,LY,2020-10-25 16:08:04,30.33,10.85,84.88,16,28,11.88,scattered clouds
343,Mayya,RU,2020-10-25 16:08:04,61.73,130.28,3.2,84,40,3.89,mist
344,Zhigansk,RU,2020-10-25 16:08:04,66.77,123.37,-0.76,88,0,4.25,clear sky
345,Victoria,HK,2020-10-25 16:05:26,22.29,114.16,75.99,80,95,1.01,light rain
346,Mount Isa,AU,2020-10-25 16:04:44,-20.73,139.5,73.4,28,21,12.75,few clouds
347,Dalbandin,PK,2020-10-25 16:05:19,28.89,64.41,59.54,28,0,5.32,clear sky
348,Mtwara,TZ,2020-10-25 16:08:04,-10.27,40.18,80.6,69,20,12.75,few clouds
349,Bafoulabe,ML,2020-10-25 16:08:04,13.81,-10.83,101.62,9,11,9.42,few clouds
350,Lazaro Cardenas,MX,2020-10-25 16:08:05,17.96,-102.2,85.44,71,68,2.39,broken clouds
351,Morant Bay,JM,2020-10-25 16:08:05,17.88,-76.41,82.4,88,75,27.51,broken clouds
352,Huanren,CN,2020-10-25 16:08:05,41.26,125.37,40.48,73,24,1.57,few clouds
353,Ravar,IR,2020-10-25 16:08:05,31.27,56.81,54.81,34,0,5.12,clear sky
354,Ketchikan,US,2020-10-25 16:08:05,55.34,-131.65,39.2,69,90,5.82,overcast clouds
355,Nikolayevsk-Na-Amure,RU,2020-10-25 16:08:05,53.14,140.73,38.35,91,100,10.47,moderate rain
356,Emerald,AU,2020-10-25 16:08:05,-23.53,148.17,69.8,64,0,4.7,clear sky
357,Tomislavgrad,BA,2020-10-25 16:08:06,43.72,17.23,60.01,89,66,5.01,broken clouds
358,Carutapera,BR,2020-10-25 16:08:06,-1.2,-46.02,87.13,63,58,8.41,light rain
359,Bathsheba,BB,2020-10-25 16:08:06,13.22,-59.52,87.8,70,40,19.46,scattered clouds
360,Bairiki,KI,2020-10-25 16:08:06,1.33,172.98,80.6,74,20,4.7,few clouds
361,Mayumba,GA,2020-10-25 16:08:06,-3.43,10.66,78.64,84,100,9.78,light rain
362,Kanniyakumari,IN,2020-10-25 16:08:06,8.08,77.57,80.85,78,75,14.18,light rain
363,Novokizhinginsk,RU,2020-10-25 16:08:06,51.61,109.59,28.17,94,93,11.05,overcast clouds
364,Florence,IT,2020-10-25 16:07:21,43.77,11.25,68.0,68,40,5.82,scattered clouds
365,Farafangana,MG,2020-10-25 16:08:07,-22.82,47.83,73.11,79,90,10.74,overcast clouds
366,Guider,CM,2020-10-25 16:07:06,9.93,13.95,91.4,27,0,12.75,clear sky
367,Cap Malheureux,MU,2020-10-25 16:08:07,-19.98,57.61,71.01,84,39,11.01,light rain
368,Comodoro Rivadavia,AR,2020-10-25 16:08:07,-45.87,-67.5,64.4,31,20,25.28,few clouds
369,Listowel,IE,2020-10-25 16:08:08,52.45,-9.48,50.0,87,75,14.99,moderate rain
370,Egvekinot,RU,2020-10-25 16:08:08,66.32,-179.17,20.55,94,0,2.8,clear sky
371,Tautira,PF,2020-10-25 16:08:08,-17.73,-149.15,77.0,78,75,3.36,broken clouds
372,Tezu,IN,2020-10-25 16:05:23,27.92,96.17,72.82,74,0,3.06,clear sky
373,Agadez,NE,2020-10-25 16:08:08,19.75,10.25,84.36,14,0,7.94,clear sky
374,San Quintin,MX,2020-10-25 16:04:57,30.48,-115.95,66.38,72,96,10.45,overcast clouds
375,Baherden,TM,2020-10-25 16:08:08,38.44,57.43,65.79,26,0,7.63,clear sky
376,Nouadhibou,MR,2020-10-25 16:08:09,20.93,-17.03,82.4,48,100,14.99,overcast clouds
377,Leningradskiy,RU,2020-10-25 16:08:09,69.38,178.42,24.98,89,0,5.5,clear sky
378,Kabo,CF,2020-10-25 16:08:09,7.7,18.63,83.23,65,33,0.65,scattered clouds
379,Isangel,VU,2020-10-25 16:08:09,-19.55,169.27,72.86,80,1,8.41,clear sky
380,Liberal,US,2020-10-25 16:03:57,37.04,-100.92,32.0,94,90,13.87,mist
381,Muborak,UZ,2020-10-25 16:08:09,39.26,65.15,50.04,49,0,1.88,clear sky
382,Porto Novo,BJ,2020-10-25 16:08:09,6.5,2.6,84.2,79,75,9.17,broken clouds
383,Dalvik,IS,2020-10-25 16:08:10,65.97,-18.53,42.8,87,75,11.41,broken clouds
384,Sao Filipe,CV,2020-10-25 16:08:10,14.9,-24.5,83.84,60,91,17.69,overcast clouds
385,Kaeo,NZ,2020-10-25 16:08:10,-35.1,173.78,54.0,94,24,3.74,few clouds
386,Lisala,CD,2020-10-25 16:08:10,2.15,21.52,76.89,86,75,0.96,light rain
387,Northam,GB,2020-10-25 16:08:11,51.03,-4.22,54.0,88,47,8.99,light rain
388,Canilla,GT,2020-10-25 16:08:11,15.17,-90.85,75.92,67,88,2.39,overcast clouds
389,Oktyabrskoye,RU,2020-10-25 16:08:11,43.06,44.74,51.8,50,0,6.71,clear sky
390,Hami,CN,2020-10-25 16:08:11,42.8,93.45,43.99,50,0,5.41,clear sky
391,Ancud,CL,2020-10-25 16:08:11,-41.87,-73.82,55.0,71,75,8.05,broken clouds
392,Alice Springs,AU,2020-10-25 16:07:44,-23.7,133.88,62.6,33,0,9.17,clear sky
393,Baykit,RU,2020-10-25 16:08:11,61.67,96.37,16.02,94,70,2.08,broken clouds
394,San Patricio,US,2020-10-25 16:08:12,28.02,-97.52,81.0,74,90,9.17,overcast clouds
395,Tianpeng,CN,2020-10-25 16:08:12,30.99,103.94,69.01,1,50,1.61,scattered clouds
396,Terra Santa,BR,2020-10-25 16:08:12,-2.1,-56.49,98.28,34,44,4.5,scattered clouds
397,Castanos,MX,2020-10-25 16:08:12,26.78,-101.42,80.01,41,0,1.21,clear sky
398,Yvetot,FR,2020-10-25 16:08:12,49.62,0.76,50.0,100,31,9.17,scattered clouds
399,Half Moon Bay,US,2020-10-25 16:08:12,37.46,-122.43,59.0,82,90,4.7,overcast clouds
400,Igrim,RU,2020-10-25 16:08:12,63.19,64.42,25.12,98,99,5.1,light snow
401,Clyde River,CA,2020-10-25 16:08:13,70.47,-68.59,19.4,79,90,10.29,overcast clouds
402,Brigantine,US,2020-10-25 16:08:13,39.41,-74.36,54.0,76,90,6.93,overcast clouds
403,Berbera,SO,2020-10-25 16:08:13,10.44,45.01,86.14,52,0,11.14,clear sky
404,Alexandria,EG,2020-10-25 16:08:13,31.22,29.96,78.8,61,40,13.87,scattered clouds
405,Djibo,BF,2020-10-25 16:08:13,14.1,-1.63,97.9,9,2,11.48,clear sky
406,Chicama,PE,2020-10-25 16:08:13,-7.84,-79.15,62.6,88,75,10.29,mist
407,Ziro,IN,2020-10-25 16:08:13,27.63,93.83,51.87,100,4,1.54,clear sky
408,Nouakchott,MR,2020-10-25 16:08:14,18.09,-15.98,105.8,8,99,19.46,sand
409,Aberdeen,GB,2020-10-25 16:08:14,57.14,-2.1,48.99,76,75,18.34,broken clouds
410,Coruripe,BR,2020-10-25 16:07:42,-10.13,-36.18,84.6,65,51,15.46,broken clouds
411,Coahuayana,MX,2020-10-25 16:08:14,18.73,-103.68,75.2,78,20,9.17,few clouds
412,Kibre Mengist,ET,2020-10-25 16:08:14,5.88,38.98,60.33,94,64,1.43,light rain
413,Itoman,JP,2020-10-25 16:08:14,26.12,127.67,73.4,64,75,9.17,broken clouds
414,Huntington,US,2020-10-25 16:07:17,38.42,-82.45,48.99,93,90,5.82,overcast clouds
415,Minab,IR,2020-10-25 16:08:14,27.15,57.08,82.4,34,0,4.7,clear sky
416,Zaysan,KZ,2020-10-25 16:04:29,47.47,84.87,34.07,76,7,2.26,clear sky
417,Dentsville,US,2020-10-25 16:08:15,34.06,-80.96,71.6,94,90,3.36,overcast clouds
418,Abejorral,CO,2020-10-25 16:08:15,5.79,-75.43,66.99,68,75,2.24,broken clouds
419,Miasskoye,RU,2020-10-25 16:08:15,55.28,61.89,44.6,87,75,2.24,broken clouds
420,Ixtapa,MX,2020-10-25 16:05:06,20.7,-105.2,87.01,74,5,2.24,clear sky
421,Asfi,MA,2020-10-25 16:08:15,32.3,-9.24,69.06,62,0,16.22,clear sky
422,Geraldton,AU,2020-10-25 16:08:15,-28.77,114.6,66.2,82,0,5.82,clear sky
423,Simpang,ID,2020-10-25 16:08:16,-1.27,104.08,75.04,97,65,1.45,heavy intensity rain
424,Maunabo,PR,2020-10-25 16:08:16,18.01,-65.9,87.01,100,52,3.0,light rain
425,Taksimo,RU,2020-10-25 16:08:16,56.34,114.88,26.85,91,100,1.7,overcast clouds
426,Morgan City,US,2020-10-25 16:08:16,29.7,-91.21,64.0,93,90,4.7,mist
427,New Norfolk,AU,2020-10-25 16:04:38,-42.78,147.06,43.0,81,1,2.06,clear sky
428,Woodward,US,2020-10-25 16:08:16,36.43,-99.39,37.0,93,90,12.75,overcast clouds
429,Bereda,ES,2020-10-25 16:08:17,43.27,-7.54,48.0,98,31,8.01,light rain
430,Maua,BR,2020-10-25 16:04:52,-23.67,-46.46,79.0,82,75,10.29,moderate rain
431,Francisco Sa,BR,2020-10-25 16:08:17,-16.48,-43.49,73.85,79,92,9.82,light rain
432,Hovd,MN,2020-10-25 16:08:17,48.01,91.64,27.64,78,1,1.7,clear sky
433,Aracati,BR,2020-10-25 16:08:17,-4.56,-37.77,91.96,44,9,15.64,clear sky
434,Quang Ngai,VN,2020-10-25 16:08:17,15.12,108.8,75.78,92,92,4.76,light rain
435,Moroni,KM,2020-10-25 16:08:17,-11.7,43.26,78.37,72,16,1.86,few clouds
436,Vester Hassing,DK,2020-10-25 16:08:18,57.07,10.13,53.01,92,100,14.58,light rain
437,Soyo,AO,2020-10-25 16:08:18,-6.13,12.37,78.8,94,75,6.93,broken clouds
438,Pangai,TO,2020-10-25 16:08:18,-19.8,-174.35,76.6,80,100,17.2,light rain
439,Jinchang,CN,2020-10-25 16:08:18,38.5,102.17,43.83,57,55,0.69,broken clouds
440,Lerwick,GB,2020-10-25 16:05:56,60.15,-1.15,50.0,76,40,20.8,shower rain
441,Nuevitas,CU,2020-10-25 16:08:18,21.55,-77.26,84.2,74,75,11.41,broken clouds
442,Santa Cruz,BO,2020-10-25 16:07:05,-17.8,-63.17,93.2,49,75,24.16,broken clouds
443,San Jeronimo,PE,2020-10-25 16:08:19,-11.95,-75.28,64.56,37,2,1.21,light rain
444,Lagoa,PT,2020-10-25 16:08:19,39.05,-27.98,64.17,65,88,8.48,overcast clouds
445,Klyuchi,RU,2020-10-25 16:08:19,52.27,79.17,37.87,82,100,15.19,light rain
446,Jardim,BR,2020-10-25 16:08:19,-21.48,-56.14,94.73,43,7,7.25,clear sky
447,Marzuq,YE,2020-10-25 16:08:19,14.4,46.47,70.7,24,5,4.21,clear sky
448,Bundaberg,AU,2020-10-25 16:08:19,-24.85,152.35,75.0,94,75,10.29,broken clouds
449,Havre,FR,2020-10-25 16:08:20,49.58,0.33,51.8,76,0,11.41,clear sky
450,Lalitpur,NP,2020-10-25 16:08:20,27.67,85.33,64.4,88,20,3.36,few clouds
451,Kungurtug,RU,2020-10-25 16:08:20,50.6,97.52,15.35,82,4,1.05,clear sky
452,Taltal,CL,2020-10-25 16:08:20,-25.4,-70.48,66.22,53,49,8.39,scattered clouds
453,Takoradi,GH,2020-10-25 16:08:20,4.88,-1.76,80.76,82,98,10.4,light rain
454,Petropavlovsk-Kamchatskiy,RU,2020-10-25 16:08:20,53.05,158.65,37.4,100,90,4.47,light intensity shower rain
455,Laguna,US,2020-10-25 16:08:20,38.42,-121.42,55.0,81,1,5.82,clear sky
456,Aksu,CN,2020-10-25 16:08:21,41.12,80.26,51.71,39,100,5.88,overcast clouds
457,Kandi,BJ,2020-10-25 16:08:21,11.13,2.94,94.28,20,72,5.82,broken clouds
458,Saijo,JP,2020-10-25 16:08:21,33.92,133.18,57.0,73,95,1.01,overcast clouds
459,Smithers,CA,2020-10-25 16:03:28,54.78,-127.17,15.8,85,75,2.24,broken clouds
460,Platonovka,RU,2020-10-25 16:08:21,52.71,41.95,43.84,86,51,8.19,broken clouds
461,Iqaluit,CA,2020-10-25 16:08:21,63.75,-68.51,10.4,85,20,10.29,few clouds
462,Kamenka,RU,2020-10-25 16:08:21,51.32,42.77,50.0,82,30,7.45,scattered clouds
463,Ranchi,IN,2020-10-25 16:08:22,23.35,85.33,71.6,60,91,3.76,haze
464,Broome,US,2020-10-25 16:08:22,42.25,-75.83,45.0,67,80,3.0,broken clouds
465,Sharjah,AE,2020-10-25 16:04:57,25.36,55.4,86.0,42,0,5.82,clear sky
466,Berlevag,NO,2020-10-25 16:08:22,70.86,29.09,35.6,80,75,9.17,broken clouds
467,Kijang,KR,2020-10-25 16:08:22,35.24,129.21,53.6,66,0,2.24,clear sky
468,Dingle,PH,2020-10-25 16:08:22,11.0,122.67,76.23,91,100,16.75,heavy intensity rain
469,Mokhotlong,LS,2020-10-25 16:08:22,-29.29,29.07,65.14,40,88,11.45,overcast clouds
470,Srednekolymsk,RU,2020-10-25 16:08:22,67.45,153.68,13.95,93,100,2.33,overcast clouds
471,Portland,US,2020-10-25 16:05:02,45.52,-122.68,39.0,40,20,21.92,few clouds
472,Sao Francisco De Assis,BR,2020-10-25 16:08:23,-29.55,-55.13,88.95,45,46,3.42,scattered clouds
473,Sebezh,RU,2020-10-25 16:08:23,56.3,28.47,47.23,88,95,5.19,overcast clouds
474,Manica,FR,2020-10-25 16:08:23,49.0,-1.17,50.0,87,35,10.29,mist
475,Rzeszow,PL,2020-10-25 16:08:23,50.04,22.0,53.6,93,90,10.29,light intensity drizzle
476,Leirvik,NO,2020-10-25 16:08:23,59.78,5.5,50.0,87,40,13.87,scattered clouds
477,Poronaysk,RU,2020-10-25 16:08:23,49.22,143.12,41.77,85,77,8.79,broken clouds
478,Dhariwal,IN,2020-10-25 16:08:24,31.95,75.32,75.2,57,20,5.82,haze
479,Deniliquin,AU,2020-10-25 16:08:24,-35.53,144.97,51.33,78,85,11.41,overcast clouds
480,Urgut,UZ,2020-10-25 16:08:24,39.4,67.24,53.6,46,0,6.93,clear sky
481,Kuandian,CN,2020-10-25 16:08:24,40.73,124.78,42.3,71,45,2.06,scattered clouds
482,Okaihau,NZ,2020-10-25 16:08:24,-35.32,173.78,54.0,94,28,1.45,scattered clouds
483,Lorengau,PG,2020-10-25 16:08:24,-2.02,147.27,82.24,71,74,3.58,broken clouds
484,Sibiti,CG,2020-10-25 16:08:25,-3.68,13.35,80.89,72,99,3.65,overcast clouds
485,Christchurch,NZ,2020-10-25 16:05:27,-43.53,172.63,53.6,87,78,16.11,light rain
486,Qasigiannguit,GL,2020-10-25 16:06:07,68.82,-51.19,17.6,52,37,1.12,scattered clouds
487,Khorramabad,IR,2020-10-25 16:08:25,33.49,48.36,54.88,40,0,0.96,clear sky
488,Homer,US,2020-10-25 16:08:25,59.64,-151.55,48.0,75,90,6.93,light intensity shower rain
489,Santa Maria,BR,2020-10-25 16:08:25,-29.68,-53.81,87.78,47,28,4.03,scattered clouds
490,Mau,IN,2020-10-25 16:08:25,25.95,83.55,74.98,36,0,4.59,clear sky
491,College,US,2020-10-25 16:05:41,64.86,-147.8,28.0,79,75,2.01,broken clouds
492,Kirkuk,IQ,2020-10-25 16:08:26,35.47,44.39,67.77,22,100,2.62,overcast clouds
493,Somerset East,ZA,2020-10-25 16:08:26,-32.72,25.59,63.3,60,80,15.01,broken clouds
494,Caraballeda,VE,2020-10-25 16:08:26,10.61,-66.85,89.6,55,40,4.7,scattered clouds
495,Havoysund,NO,2020-10-25 16:05:39,71.0,24.66,35.6,74,75,18.34,broken clouds
496,Corinto,GR,2020-10-25 16:07:31,37.94,22.96,71.01,60,6,8.99,clear sky
497,Cadillac,US,2020-10-25 16:08:26,44.25,-85.4,37.4,74,90,4.14,overcast clouds
498,Guerrero Negro,MX,2020-10-25 16:08:26,27.98,-114.06,68.4,73,100,15.79,overcast clouds
499,Port Augusta,AU,2020-10-25 16:05:46,-32.5,137.77,53.6,50,90,12.75,overcast clouds
500,Termoli,IT,2020-10-25 16:08:27,41.99,14.99,63.0,72,1,1.01,clear sky
501,Wajid,SO,2020-10-25 16:08:27,3.81,43.25,80.46,68,64,8.52,light rain
502,Ambilobe,MG,2020-10-25 16:04:51,-13.2,49.05,77.45,67,50,2.26,scattered clouds
503,Asmara,ER,2020-10-25 16:08:27,15.33,38.93,61.88,61,79,6.91,broken clouds
504,Caravelas,BR,2020-10-25 16:08:27,-17.71,-39.25,80.74,69,100,5.97,light rain
505,Pimentel,PE,2020-10-25 16:08:27,-6.84,-79.93,73.4,60,0,5.82,clear sky
506,Sambava,MG,2020-10-25 16:08:27,-14.27,50.17,74.39,76,1,12.03,clear sky
507,Olga,RU,2020-10-25 16:08:28,43.74,135.29,37.51,80,0,5.19,clear sky
508,San Andres,CO,2020-10-25 16:04:43,12.58,-81.7,86.0,79,75,6.93,broken clouds
509,Camacha,PT,2020-10-25 16:08:28,33.08,-16.33,71.6,60,20,14.99,few clouds
510,Narsaq,GL,2020-10-25 16:08:28,60.92,-46.05,41.0,41,100,16.11,overcast clouds
511,Boralday,KZ,2020-10-25 16:08:28,43.36,76.86,41.0,52,20,4.47,smoke
512,Alihe,CN,2020-10-25 16:08:28,50.57,123.72,32.13,93,100,0.83,overcast clouds
513,Chumphon,TH,2020-10-25 16:08:29,10.33,98.83,72.03,94,71,0.27,broken clouds
514,Acapulco,MX,2020-10-25 16:04:02,16.86,-99.89,82.4,88,75,3.36,smoke
515,Miyako,JP,2020-10-25 16:08:29,39.64,141.95,49.91,78,62,4.09,broken clouds
516,Eusebio Ayala,PY,2020-10-25 16:08:29,-25.4,-56.97,98.6,35,20,19.46,few clouds
517,Bambanglipuro,ID,2020-10-25 16:08:29,-7.95,110.28,78.12,89,100,6.11,moderate rain
518,Tecoanapa,MX,2020-10-25 16:08:29,16.52,-98.75,83.77,70,69,3.78,broken clouds
519,Arvika,SE,2020-10-25 16:08:29,59.66,12.59,51.8,100,100,11.41,heavy intensity drizzle
520,Harper,LR,2020-10-25 16:08:30,4.38,-7.72,81.64,76,60,8.12,broken clouds
521,Sulangan,PH,2020-10-25 16:08:30,11.14,123.72,80.24,87,100,25.55,light rain
522,Kilrush,IE,2020-10-25 16:08:30,52.64,-9.48,51.01,81,75,19.46,light intensity shower rain
523,Umm Kaddadah,SD,2020-10-25 16:08:30,13.6,26.69,90.1,15,7,11.79,clear sky
524,Goulburn,AU,2020-10-25 16:08:30,-34.75,149.72,48.99,86,98,1.01,light rain
525,Nisia Floresta,BR,2020-10-25 16:08:30,-6.09,-35.21,87.8,62,20,18.34,few clouds
526,Madingou,CG,2020-10-25 16:08:30,-4.15,13.55,84.7,68,71,4.79,broken clouds
527,Port Lincoln,AU,2020-10-25 16:08:31,-34.73,135.87,52.25,62,57,16.75,broken clouds
528,Springdale,US,2020-10-25 16:03:57,36.19,-94.13,48.0,100,90,4.7,overcast clouds
529,San Cristobal,VE,2020-10-25 16:08:31,7.77,-72.22,80.6,74,75,4.7,fog
530,Neepawa,CA,2020-10-25 16:08:31,50.23,-99.47,21.2,85,90,10.29,overcast clouds
531,Lovozero,RU,2020-10-25 16:08:31,68.0,35.01,19.18,94,0,4.0,clear sky
532,Tooele,US,2020-10-25 16:08:32,40.53,-112.3,32.0,94,90,9.17,light snow
533,Berdigestyakh,RU,2020-10-25 16:08:32,62.1,126.7,20.79,96,94,4.68,overcast clouds
534,Rodrigues Alves,BR,2020-10-25 16:08:32,-7.74,-72.65,97.39,35,30,4.61,scattered clouds
535,Richards Bay,ZA,2020-10-25 16:08:32,-28.78,32.04,74.12,82,43,14.81,scattered clouds
536,Giyani,ZA,2020-10-25 16:08:32,-23.3,30.72,87.96,22,0,5.44,clear sky
537,Haimen,CN,2020-10-25 16:08:32,23.19,116.61,71.6,73,0,4.47,clear sky
538,Altamont,US,2020-10-25 16:08:32,42.21,-121.74,26.01,58,1,13.87,clear sky
539,Muros,ES,2020-10-25 16:08:32,42.78,-9.06,57.0,86,12,7.0,light rain
540,Progreso,MX,2020-10-25 16:04:52,21.28,-89.67,87.01,74,75,11.41,broken clouds
541,Fernie,CA,2020-10-25 16:06:57,49.5,-115.07,8.6,76,5,4.7,clear sky
542,Bilibino,RU,2020-10-25 16:04:43,68.05,166.44,16.38,90,81,0.38,broken clouds
543,Rio Grande,BR,2020-10-25 16:08:33,-32.03,-52.1,80.01,71,100,5.99,overcast clouds
544,The Valley,AI,2020-10-25 16:08:33,18.22,-63.06,87.8,74,20,14.99,few clouds
545,General Roca,AR,2020-10-25 16:08:33,-39.03,-67.58,62.6,29,0,16.11,clear sky
546,Ambon,ID,2020-10-25 16:08:33,-3.7,128.18,78.01,15,22,2.82,few clouds
547,Aripuana,BR,2020-10-25 16:08:33,-9.17,-60.63,89.71,50,96,2.89,overcast clouds
548,Krasnoarmeysk,RU,2020-10-25 16:08:33,51.02,45.7,48.0,74,88,11.99,overcast clouds
549,Lakatoro,VU,2020-10-25 16:08:34,-16.1,167.42,77.72,80,18,10.33,few clouds
550,Morro Bay,US,2020-10-25 16:04:01,35.37,-120.85,62.01,92,95,1.99,overcast clouds
551,Tazovskiy,RU,2020-10-25 16:08:34,67.47,78.7,7.03,95,27,5.39,scattered clouds
552,Barcelos,PT,2020-10-25 16:08:34,41.54,-8.62,57.99,76,40,10.29,scattered clouds
553,Lanas,PH,2020-10-25 16:08:34,12.05,121.92,78.98,93,100,38.01,heavy intensity rain
554,Shieli,KZ,2020-10-25 16:08:34,44.17,66.75,47.75,49,0,8.39,clear sky
555,Kundiawa,PG,2020-10-25 16:08:34,-6.02,144.97,60.62,79,87,1.72,light rain
556,Miles City,US,2020-10-25 16:08:35,46.41,-105.84,12.2,78,90,9.17,overcast clouds
557,Wagar,SD,2020-10-25 16:08:35,16.15,36.2,96.75,18,50,5.01,scattered clouds
